dataset,dataset_size,model,operator,inform,on_train,sigma,series,median,mean,std
FashionMNIST,10000,PatchMLP,inpainting_center_15,False,True,0.01,Analytical vs GT,18.745487213134766,19.993192672729492,5.207763671875
FashionMNIST,10000,PatchMLP,inpainting_center_15,False,True,0.01,Neural vs GT,16.663179397583008,17.061708450317383,2.751110553741455
FashionMNIST,10000,PatchMLP,inpainting_center_15,False,True,0.01,Neural vs Analytical,22.260629653930664,22.17644500732422,3.2452008724212646
FashionMNIST,10000,PatchMLP,inpainting_center_15,False,True,0.02,Analytical vs GT,18.609905242919922,19.831113815307617,5.165081977844238
FashionMNIST,10000,PatchMLP,inpainting_center_15,False,True,0.02,Neural vs GT,16.684734344482422,17.04918098449707,2.7853474617004395
FashionMNIST,10000,PatchMLP,inpainting_center_15,False,True,0.02,Neural vs Analytical,22.233810424804688,22.325084686279297,3.26204514503479
FashionMNIST,10000,PatchMLP,inpainting_center_15,False,True,0.03,Analytical vs GT,18.525001525878906,19.458099365234375,4.66414737701416
FashionMNIST,10000,PatchMLP,inpainting_center_15,False,True,0.03,Neural vs GT,16.798051834106445,17.02473258972168,2.809328556060791
FashionMNIST,10000,PatchMLP,inpainting_center_15,False,True,0.03,Neural vs Analytical,22.78335189819336,22.501008987426758,3.049577236175537
FashionMNIST,10000,PatchMLP,inpainting_center_15,False,True,0.04,Analytical vs GT,18.097881317138672,19.233963012695312,4.5130720138549805
FashionMNIST,10000,PatchMLP,inpainting_center_15,False,True,0.04,Neural vs GT,16.483293533325195,16.883045196533203,2.685168743133545
FashionMNIST,10000,PatchMLP,inpainting_center_15,False,True,0.04,Neural vs Analytical,22.497058868408203,22.48239517211914,2.9695565700531006
FashionMNIST,10000,PatchMLP,inpainting_center_15,False,True,0.05,Analytical vs GT,18.11550521850586,18.966663360595703,4.262211799621582
FashionMNIST,10000,PatchMLP,inpainting_center_15,False,True,0.05,Neural vs GT,16.62582015991211,16.862951278686523,2.7228453159332275
FashionMNIST,10000,PatchMLP,inpainting_center_15,False,True,0.05,Neural vs Analytical,22.865161895751953,22.436174392700195,2.985954999923706
FashionMNIST,10000,PatchMLP,inpainting_center_15,False,True,0.06,Analytical vs GT,17.761157989501953,18.789709091186523,4.163456916809082
FashionMNIST,10000,PatchMLP,inpainting_center_15,False,True,0.06,Neural vs GT,16.5709228515625,16.75373077392578,2.6355035305023193
FashionMNIST,10000,PatchMLP,inpainting_center_15,False,True,0.06,Neural vs Analytical,22.671422958374023,22.47391128540039,2.7708466053009033
FashionMNIST,10000,PatchMLP,inpainting_center_15,False,True,0.07,Analytical vs GT,17.33319854736328,18.603527069091797,4.109076976776123
FashionMNIST,10000,PatchMLP,inpainting_center_15,False,True,0.07,Neural vs GT,16.4719181060791,16.70738983154297,2.66135573387146
FashionMNIST,10000,PatchMLP,inpainting_center_15,False,True,0.07,Neural vs Analytical,22.444210052490234,22.562429428100586,2.890881061553955
FashionMNIST,10000,PatchMLP,inpainting_center_15,False,True,0.08,Analytical vs GT,17.696754455566406,18.43446922302246,3.880425453186035
FashionMNIST,10000,PatchMLP,inpainting_center_15,False,True,0.08,Neural vs GT,16.296335220336914,16.5845890045166,2.6361472606658936
FashionMNIST,10000,PatchMLP,inpainting_center_15,False,True,0.08,Neural vs Analytical,22.813491821289062,22.521591186523438,2.821458101272583
FashionMNIST,10000,PatchMLP,inpainting_center_15,False,True,0.09,Analytical vs GT,17.283361434936523,18.185665130615234,3.604705572128296
FashionMNIST,10000,PatchMLP,inpainting_center_15,False,True,0.09,Neural vs GT,16.100162506103516,16.483362197875977,2.500286340713501
FashionMNIST,10000,PatchMLP,inpainting_center_15,False,True,0.09,Neural vs Analytical,22.346351623535156,22.3002872467041,2.8317196369171143
FashionMNIST,10000,PatchMLP,inpainting_center_15,False,True,0.1,Analytical vs GT,17.245784759521484,18.09076499938965,3.7806215286254883
FashionMNIST,10000,PatchMLP,inpainting_center_15,False,True,0.1,Neural vs GT,16.185649871826172,16.36444664001465,2.507077217102051
FashionMNIST,10000,PatchMLP,inpainting_center_15,False,True,0.1,Neural vs Analytical,22.735679626464844,22.404233932495117,2.945969343185425
FashionMNIST,10000,PatchMLP,inpainting_center_15,False,True,0.15,Analytical vs GT,16.870342254638672,17.40644073486328,3.1428964138031006
FashionMNIST,10000,PatchMLP,inpainting_center_15,False,True,0.15,Neural vs GT,16.075483322143555,15.885799407958984,2.392521619796753
FashionMNIST,10000,PatchMLP,inpainting_center_15,False,True,0.15,Neural vs Analytical,22.312721252441406,21.879226684570312,2.741269111633301
FashionMNIST,10000,PatchMLP,inpainting_center_15,False,True,0.2,Analytical vs GT,16.45773696899414,16.385114669799805,2.5770974159240723
FashionMNIST,10000,PatchMLP,inpainting_center_15,False,True,0.2,Neural vs GT,15.119500160217285,15.30041217803955,2.2021758556365967
FashionMNIST,10000,PatchMLP,inpainting_center_15,False,True,0.2,Neural vs Analytical,21.653690338134766,21.819055557250977,2.6384289264678955
FashionMNIST,10000,PatchMLP,inpainting_center_15,False,True,0.25,Analytical vs GT,15.667823791503906,15.657021522521973,2.2642757892608643
FashionMNIST,10000,PatchMLP,inpainting_center_15,False,True,0.25,Neural vs GT,14.77158260345459,14.857962608337402,2.0289692878723145
FashionMNIST,10000,PatchMLP,inpainting_center_15,False,True,0.25,Neural vs Analytical,21.89981460571289,21.740198135375977,2.5140390396118164
FashionMNIST,10000,PatchMLP,inpainting_center_15,False,True,0.3,Analytical vs GT,15.492616653442383,15.142273902893066,2.106584072113037
FashionMNIST,10000,PatchMLP,inpainting_center_15,False,True,0.3,Neural vs GT,14.702186584472656,14.537616729736328,1.9539090394973755
FashionMNIST,10000,PatchMLP,inpainting_center_15,False,True,0.3,Neural vs Analytical,22.070602416992188,22.084096908569336,2.364915609359741
FashionMNIST,10000,PatchMLP,inpainting_center_15,False,True,0.35,Analytical vs GT,14.529226303100586,14.453577995300293,1.9946171045303345
FashionMNIST,10000,PatchMLP,inpainting_center_15,False,True,0.35,Neural vs GT,13.533034324645996,13.968619346618652,2.0000834465026855
FashionMNIST,10000,PatchMLP,inpainting_center_15,False,True,0.35,Neural vs Analytical,22.28314781188965,21.992773056030273,2.4500324726104736
FashionMNIST,10000,PatchMLP,inpainting_center_15,False,True,0.4,Analytical vs GT,14.03291130065918,14.113286972045898,2.140129327774048
FashionMNIST,10000,PatchMLP,inpainting_center_15,False,True,0.4,Neural vs GT,13.644181251525879,13.82050895690918,2.119969606399536
FashionMNIST,10000,PatchMLP,inpainting_center_15,False,True,0.4,Neural vs Analytical,22.655357360839844,22.510602951049805,2.249631643295288
FashionMNIST,10000,PatchMLP,inpainting_center_15,False,True,0.45,Analytical vs GT,13.586416244506836,13.678291320800781,1.7863891124725342
FashionMNIST,10000,PatchMLP,inpainting_center_15,False,True,0.45,Neural vs GT,13.039205551147461,13.481047630310059,1.92100989818573
FashionMNIST,10000,PatchMLP,inpainting_center_15,False,True,0.45,Neural vs Analytical,22.923355102539062,22.565736770629883,2.1216132640838623
FashionMNIST,10000,PatchMLP,inpainting_center_15,False,True,0.5,Analytical vs GT,12.87641716003418,13.178153038024902,1.880068302154541
FashionMNIST,10000,PatchMLP,inpainting_center_15,False,True,0.5,Neural vs GT,12.750856399536133,13.074516296386719,1.975858449935913
FashionMNIST,10000,PatchMLP,inpainting_center_15,False,True,0.5,Neural vs Analytical,23.58775520324707,23.306154251098633,2.1631484031677246
FashionMNIST,10000,PatchMLP,inpainting_center_15,False,True,0.6,Analytical vs GT,12.651784896850586,12.580766677856445,1.653903603553772
FashionMNIST,10000,PatchMLP,inpainting_center_15,False,True,0.6,Neural vs GT,12.488374710083008,12.57693099975586,1.871431827545166
FashionMNIST,10000,PatchMLP,inpainting_center_15,False,True,0.6,Neural vs Analytical,23.294458389282227,23.368183135986328,1.9180638790130615
FashionMNIST,10000,PatchMLP,inpainting_center_15,False,True,0.7,Analytical vs GT,11.859476089477539,12.263692855834961,1.9029309749603271
FashionMNIST,10000,PatchMLP,inpainting_center_15,False,True,0.7,Neural vs GT,11.945867538452148,12.340551376342773,2.0089752674102783
FashionMNIST,10000,PatchMLP,inpainting_center_15,False,True,0.7,Neural vs Analytical,24.29322052001953,24.0416202545166,1.8832546472549438
FashionMNIST,10000,PatchMLP,inpainting_center_15,False,True,0.8,Analytical vs GT,11.654556274414062,11.801435470581055,1.804038643836975
FashionMNIST,10000,PatchMLP,inpainting_center_15,False,True,0.8,Neural vs GT,11.832868576049805,11.81989860534668,1.9096767902374268
FashionMNIST,10000,PatchMLP,inpainting_center_15,False,True,0.8,Neural vs Analytical,24.297849655151367,24.490312576293945,1.8888416290283203
FashionMNIST,10000,PatchMLP,inpainting_center_15,False,True,0.9,Analytical vs GT,11.293457984924316,11.56024169921875,1.8747793436050415
FashionMNIST,10000,PatchMLP,inpainting_center_15,False,True,0.9,Neural vs GT,11.412572860717773,11.583765029907227,2.0215389728546143
FashionMNIST,10000,PatchMLP,inpainting_center_15,False,True,0.9,Neural vs Analytical,24.440956115722656,24.404924392700195,2.1070404052734375
FashionMNIST,10000,PatchMLP,inpainting_center_15,False,True,1.0,Analytical vs GT,10.78115463256836,11.064923286437988,1.9433099031448364
FashionMNIST,10000,PatchMLP,inpainting_center_15,False,True,1.0,Neural vs GT,10.922477722167969,11.081769943237305,2.0209763050079346
FashionMNIST,10000,PatchMLP,inpainting_center_15,False,True,1.0,Neural vs Analytical,24.49471092224121,24.516891479492188,1.5349568128585815
FashionMNIST,10000,PatchMLP,convolution_gaussian_1.0,False,True,0.01,Analytical vs GT,79.99998474121094,78.99615478515625,3.685967445373535
FashionMNIST,10000,PatchMLP,convolution_gaussian_1.0,False,True,0.01,Neural vs GT,27.36665153503418,27.495168685913086,2.7700390815734863
FashionMNIST,10000,PatchMLP,convolution_gaussian_1.0,False,True,0.01,Neural vs Analytical,27.36664581298828,27.495351791381836,2.770176887512207
FashionMNIST,10000,PatchMLP,convolution_gaussian_1.0,False,True,0.02,Analytical vs GT,79.99618530273438,75.75144958496094,8.172335624694824
FashionMNIST,10000,PatchMLP,convolution_gaussian_1.0,False,True,0.02,Neural vs GT,26.586162567138672,26.65534019470215,2.7871978282928467
FashionMNIST,10000,PatchMLP,convolution_gaussian_1.0,False,True,0.02,Neural vs Analytical,26.586143493652344,26.65731430053711,2.788938283920288
FashionMNIST,10000,PatchMLP,convolution_gaussian_1.0,False,True,0.03,Analytical vs GT,77.21912384033203,70.49008178710938,12.182178497314453
FashionMNIST,10000,PatchMLP,convolution_gaussian_1.0,False,True,0.03,Neural vs GT,25.769248962402344,25.951974868774414,2.726775884628296
FashionMNIST,10000,PatchMLP,convolution_gaussian_1.0,False,True,0.03,Neural vs Analytical,25.795246124267578,25.956260681152344,2.7261674404144287
FashionMNIST,10000,PatchMLP,convolution_gaussian_1.0,False,True,0.04,Analytical vs GT,60.63558578491211,62.56839370727539,14.11012077331543
FashionMNIST,10000,PatchMLP,convolution_gaussian_1.0,False,True,0.04,Neural vs GT,25.09274673461914,25.320077896118164,2.669678211212158
FashionMNIST,10000,PatchMLP,convolution_gaussian_1.0,False,True,0.04,Neural vs Analytical,25.09952735900879,25.350507736206055,2.6919448375701904
FashionMNIST,10000,PatchMLP,convolution_gaussian_1.0,False,True,0.05,Analytical vs GT,53.00426483154297,54.822113037109375,14.289875984191895
FashionMNIST,10000,PatchMLP,convolution_gaussian_1.0,False,True,0.05,Neural vs GT,24.70428466796875,24.781234741210938,2.649618625640869
FashionMNIST,10000,PatchMLP,convolution_gaussian_1.0,False,True,0.05,Neural vs Analytical,24.917503356933594,24.861783981323242,2.694648027420044
FashionMNIST,10000,PatchMLP,convolution_gaussian_1.0,False,True,0.06,Analytical vs GT,43.77021789550781,46.762969970703125,11.342263221740723
FashionMNIST,10000,PatchMLP,convolution_gaussian_1.0,False,True,0.06,Neural vs GT,24.142152786254883,24.149629592895508,2.4842209815979004
FashionMNIST,10000,PatchMLP,convolution_gaussian_1.0,False,True,0.06,Neural vs Analytical,24.20989990234375,24.27642822265625,2.5672991275787354
FashionMNIST,10000,PatchMLP,convolution_gaussian_1.0,False,True,0.07,Analytical vs GT,39.598838806152344,42.48514175415039,8.99521255493164
FashionMNIST,10000,PatchMLP,convolution_gaussian_1.0,False,True,0.07,Neural vs GT,23.49053192138672,23.69402313232422,2.3649396896362305
FashionMNIST,10000,PatchMLP,convolution_gaussian_1.0,False,True,0.07,Neural vs Analytical,23.64888572692871,23.901700973510742,2.466426372528076
FashionMNIST,10000,PatchMLP,convolution_gaussian_1.0,False,True,0.08,Analytical vs GT,37.601993560791016,38.29035949707031,7.132312774658203
FashionMNIST,10000,PatchMLP,convolution_gaussian_1.0,False,True,0.08,Neural vs GT,23.586549758911133,23.31760025024414,2.3224575519561768
FashionMNIST,10000,PatchMLP,convolution_gaussian_1.0,False,True,0.08,Neural vs Analytical,23.68499183654785,23.634061813354492,2.447521448135376
FashionMNIST,10000,PatchMLP,convolution_gaussian_1.0,False,True,0.09,Analytical vs GT,33.006675720214844,34.565757751464844,5.87012243270874
FashionMNIST,10000,PatchMLP,convolution_gaussian_1.0,False,True,0.09,Neural vs GT,22.806434631347656,22.985788345336914,2.194305896759033
FashionMNIST,10000,PatchMLP,convolution_gaussian_1.0,False,True,0.09,Neural vs Analytical,23.411989212036133,23.57236099243164,2.4274463653564453
FashionMNIST,10000,PatchMLP,convolution_gaussian_1.0,False,True,0.1,Analytical vs GT,31.570173263549805,32.16789245605469,4.786316394805908
FashionMNIST,10000,PatchMLP,convolution_gaussian_1.0,False,True,0.1,Neural vs GT,22.69310188293457,22.690767288208008,2.174184560775757
FashionMNIST,10000,PatchMLP,convolution_gaussian_1.0,False,True,0.1,Neural vs Analytical,23.284908294677734,23.463132858276367,2.4811525344848633
FashionMNIST,10000,PatchMLP,convolution_gaussian_1.0,False,True,0.15,Analytical vs GT,25.140731811523438,25.154319763183594,2.635928153991699
FashionMNIST,10000,PatchMLP,convolution_gaussian_1.0,False,True,0.15,Neural vs GT,21.299224853515625,21.360118865966797,1.946847677230835
FashionMNIST,10000,PatchMLP,convolution_gaussian_1.0,False,True,0.15,Neural vs Analytical,23.753196716308594,23.818405151367188,2.616440773010254
FashionMNIST,10000,PatchMLP,convolution_gaussian_1.0,False,True,0.2,Analytical vs GT,21.604860305786133,21.750036239624023,2.2504963874816895
FashionMNIST,10000,PatchMLP,convolution_gaussian_1.0,False,True,0.2,Neural vs GT,19.784364700317383,19.942668914794922,1.5803940296173096
FashionMNIST,10000,PatchMLP,convolution_gaussian_1.0,False,True,0.2,Neural vs Analytical,24.985580444335938,24.969642639160156,2.796849489212036
FashionMNIST,10000,PatchMLP,convolution_gaussian_1.0,False,True,0.25,Analytical vs GT,20.000267028808594,20.2923641204834,1.7892085313796997
FashionMNIST,10000,PatchMLP,convolution_gaussian_1.0,False,True,0.25,Neural vs GT,19.27534294128418,19.309223175048828,1.5869771242141724
FashionMNIST,10000,PatchMLP,convolution_gaussian_1.0,False,True,0.25,Neural vs Analytical,26.979228973388672,26.49569320678711,3.0590028762817383
FashionMNIST,10000,PatchMLP,convolution_gaussian_1.0,False,True,0.3,Analytical vs GT,18.78030776977539,18.744325637817383,1.4223086833953857
FashionMNIST,10000,PatchMLP,convolution_gaussian_1.0,False,True,0.3,Neural vs GT,18.698707580566406,18.37461280822754,1.3760603666305542
FashionMNIST,10000,PatchMLP,convolution_gaussian_1.0,False,True,0.3,Neural vs Analytical,28.00052261352539,27.86758804321289,2.5192902088165283
FashionMNIST,10000,PatchMLP,convolution_gaussian_1.0,False,True,0.35,Analytical vs GT,18.126014709472656,18.175336837768555,1.4349921941757202
FashionMNIST,10000,PatchMLP,convolution_gaussian_1.0,False,True,0.35,Neural vs GT,17.858570098876953,17.872638702392578,1.4542535543441772
FashionMNIST,10000,PatchMLP,convolution_gaussian_1.0,False,True,0.35,Neural vs Analytical,28.59773063659668,28.406641006469727,2.5666754245758057
FashionMNIST,10000,PatchMLP,convolution_gaussian_1.0,False,True,0.4,Analytical vs GT,17.366214752197266,17.296890258789062,1.317277431488037
FashionMNIST,10000,PatchMLP,convolution_gaussian_1.0,False,True,0.4,Neural vs GT,17.294872283935547,17.188377380371094,1.3432950973510742
FashionMNIST,10000,PatchMLP,convolution_gaussian_1.0,False,True,0.4,Neural vs Analytical,29.480010986328125,29.442459106445312,2.118971347808838
FashionMNIST,10000,PatchMLP,convolution_gaussian_1.0,False,True,0.45,Analytical vs GT,17.177536010742188,17.10809898376465,1.4856784343719482
FashionMNIST,10000,PatchMLP,convolution_gaussian_1.0,False,True,0.45,Neural vs GT,16.89205551147461,17.022510528564453,1.4685447216033936
FashionMNIST,10000,PatchMLP,convolution_gaussian_1.0,False,True,0.45,Neural vs Analytical,30.40970802307129,29.769750595092773,2.2455334663391113
FashionMNIST,10000,PatchMLP,convolution_gaussian_1.0,False,True,0.5,Analytical vs GT,16.551315307617188,16.65924072265625,1.4570717811584473
FashionMNIST,10000,PatchMLP,convolution_gaussian_1.0,False,True,0.5,Neural vs GT,16.567842483520508,16.5996150970459,1.4216049909591675
FashionMNIST,10000,PatchMLP,convolution_gaussian_1.0,False,True,0.5,Neural vs Analytical,30.04851722717285,29.740976333618164,1.9203009605407715
FashionMNIST,10000,PatchMLP,convolution_gaussian_1.0,False,True,0.6,Analytical vs GT,15.65377140045166,15.776159286499023,1.2209436893463135
FashionMNIST,10000,PatchMLP,convolution_gaussian_1.0,False,True,0.6,Neural vs GT,15.682539939880371,15.738003730773926,1.2227942943572998
FashionMNIST,10000,PatchMLP,convolution_gaussian_1.0,False,True,0.6,Neural vs Analytical,30.306991577148438,30.018329620361328,2.632594347000122
FashionMNIST,10000,PatchMLP,convolution_gaussian_1.0,False,True,0.7,Analytical vs GT,15.09378433227539,15.137972831726074,1.3779044151306152
FashionMNIST,10000,PatchMLP,convolution_gaussian_1.0,False,True,0.7,Neural vs GT,15.223930358886719,15.186580657958984,1.382395625114441
FashionMNIST,10000,PatchMLP,convolution_gaussian_1.0,False,True,0.7,Neural vs Analytical,29.347904205322266,29.527170181274414,2.6637182235717773
FashionMNIST,10000,PatchMLP,convolution_gaussian_1.0,False,True,0.8,Analytical vs GT,14.896361351013184,15.014659881591797,1.543575644493103
FashionMNIST,10000,PatchMLP,convolution_gaussian_1.0,False,True,0.8,Neural vs GT,14.797319412231445,15.00766372680664,1.5325496196746826
FashionMNIST,10000,PatchMLP,convolution_gaussian_1.0,False,True,0.8,Neural vs Analytical,30.289785385131836,30.038429260253906,2.114943504333496
FashionMNIST,10000,PatchMLP,convolution_gaussian_1.0,False,True,0.9,Analytical vs GT,14.470243453979492,14.539560317993164,1.5131171941757202
FashionMNIST,10000,PatchMLP,convolution_gaussian_1.0,False,True,0.9,Neural vs GT,14.365081787109375,14.519371032714844,1.5298463106155396
FashionMNIST,10000,PatchMLP,convolution_gaussian_1.0,False,True,0.9,Neural vs Analytical,29.880447387695312,29.866317749023438,2.20060396194458
FashionMNIST,10000,PatchMLP,convolution_gaussian_1.0,False,True,1.0,Analytical vs GT,13.925960540771484,13.955953598022461,1.4415843486785889
FashionMNIST,10000,PatchMLP,convolution_gaussian_1.0,False,True,1.0,Neural vs GT,13.85078239440918,13.943500518798828,1.39117431640625
FashionMNIST,10000,PatchMLP,convolution_gaussian_1.0,False,True,1.0,Neural vs Analytical,29.445587158203125,29.22510528564453,2.2864537239074707
FashionMNIST,10000,PatchMLP,denoising,False,True,0.01,Analytical vs GT,79.99996948242188,79.99003601074219,0.04492078721523285
FashionMNIST,10000,PatchMLP,denoising,False,True,0.01,Neural vs GT,36.617523193359375,36.565147399902344,1.297868251800537
FashionMNIST,10000,PatchMLP,denoising,False,True,0.01,Neural vs Analytical,36.61748504638672,36.565101623535156,1.2978579998016357
FashionMNIST,10000,PatchMLP,denoising,False,True,0.02,Analytical vs GT,79.99980163574219,79.71328735351562,1.459952473640442
FashionMNIST,10000,PatchMLP,denoising,False,True,0.02,Neural vs GT,35.647605895996094,35.495750427246094,1.252915859222412
FashionMNIST,10000,PatchMLP,denoising,False,True,0.02,Neural vs Analytical,35.64759826660156,35.49580001831055,1.2529044151306152
FashionMNIST,10000,PatchMLP,denoising,False,True,0.03,Analytical vs GT,79.99958801269531,79.18620300292969,2.532092809677124
FashionMNIST,10000,PatchMLP,denoising,False,True,0.03,Neural vs GT,34.210262298583984,34.203819274902344,1.440416932106018
FashionMNIST,10000,PatchMLP,denoising,False,True,0.03,Neural vs Analytical,34.21025085449219,34.203521728515625,1.4404466152191162
FashionMNIST,10000,PatchMLP,denoising,False,True,0.04,Analytical vs GT,79.99569702148438,77.06707763671875,6.533013343811035
FashionMNIST,10000,PatchMLP,denoising,False,True,0.04,Neural vs GT,32.5399169921875,32.768672943115234,1.5148628950119019
FashionMNIST,10000,PatchMLP,denoising,False,True,0.04,Neural vs Analytical,32.539939880371094,32.771209716796875,1.5152167081832886
FashionMNIST,10000,PatchMLP,denoising,False,True,0.05,Analytical vs GT,79.9864730834961,75.5879898071289,8.066326141357422
FashionMNIST,10000,PatchMLP,denoising,False,True,0.05,Neural vs GT,31.690698623657227,31.776996612548828,1.6264327764511108
FashionMNIST,10000,PatchMLP,denoising,False,True,0.05,Neural vs Analytical,31.716785430908203,31.782743453979492,1.628090739250183
FashionMNIST,10000,PatchMLP,denoising,False,True,0.06,Analytical vs GT,79.93438720703125,73.66207885742188,9.602714538574219
FashionMNIST,10000,PatchMLP,denoising,False,True,0.06,Neural vs GT,30.755294799804688,30.731544494628906,1.681405782699585
FashionMNIST,10000,PatchMLP,denoising,False,True,0.06,Neural vs Analytical,30.74811553955078,30.737462997436523,1.682865023612976
FashionMNIST,10000,PatchMLP,denoising,False,True,0.07,Analytical vs GT,75.94413757324219,70.41545867919922,10.944581985473633
FashionMNIST,10000,PatchMLP,denoising,False,True,0.07,Neural vs GT,30.01777458190918,30.083847045898438,1.8281759023666382
FashionMNIST,10000,PatchMLP,denoising,False,True,0.07,Neural vs Analytical,30.01511573791504,30.096254348754883,1.8324743509292603
FashionMNIST,10000,PatchMLP,denoising,False,True,0.08,Analytical vs GT,73.55831909179688,68.10523223876953,12.646326065063477
FashionMNIST,10000,PatchMLP,denoising,False,True,0.08,Neural vs GT,29.50945281982422,29.298694610595703,1.7767672538757324
FashionMNIST,10000,PatchMLP,denoising,False,True,0.08,Neural vs Analytical,29.54290008544922,29.319116592407227,1.7892608642578125
FashionMNIST,10000,PatchMLP,denoising,False,True,0.09,Analytical vs GT,65.1008529663086,63.208038330078125,13.642921447753906
FashionMNIST,10000,PatchMLP,denoising,False,True,0.09,Neural vs GT,28.878223419189453,28.744285583496094,1.8011023998260498
FashionMNIST,10000,PatchMLP,denoising,False,True,0.09,Neural vs Analytical,28.92589569091797,28.7856388092041,1.8201764822006226
FashionMNIST,10000,PatchMLP,denoising,False,True,0.1,Analytical vs GT,61.55720520019531,61.854156494140625,14.656058311462402
FashionMNIST,10000,PatchMLP,denoising,False,True,0.1,Neural vs GT,28.42477798461914,28.054304122924805,1.7132203578948975
FashionMNIST,10000,PatchMLP,denoising,False,True,0.1,Neural vs Analytical,28.442031860351562,28.126508712768555,1.7536765336990356
FashionMNIST,10000,PatchMLP,denoising,False,True,0.15,Analytical vs GT,43.688758850097656,46.48276901245117,11.113690376281738
FashionMNIST,10000,PatchMLP,denoising,False,True,0.15,Neural vs GT,26.170440673828125,26.041492462158203,1.9849227666854858
FashionMNIST,10000,PatchMLP,denoising,False,True,0.15,Neural vs Analytical,26.330177307128906,26.225481033325195,2.0417771339416504
FashionMNIST,10000,PatchMLP,denoising,False,True,0.2,Analytical vs GT,34.662532806396484,37.486778259277344,8.05893611907959
FashionMNIST,10000,PatchMLP,denoising,False,True,0.2,Neural vs GT,24.44981575012207,24.336610794067383,1.8540265560150146
FashionMNIST,10000,PatchMLP,denoising,False,True,0.2,Neural vs Analytical,24.985637664794922,24.985185623168945,2.149428129196167
FashionMNIST,10000,PatchMLP,denoising,False,True,0.25,Analytical vs GT,30.1527099609375,30.939664840698242,5.224637031555176
FashionMNIST,10000,PatchMLP,denoising,False,True,0.25,Neural vs GT,23.130373001098633,23.145030975341797,1.9472699165344238
FashionMNIST,10000,PatchMLP,denoising,False,True,0.25,Neural vs Analytical,24.443702697753906,24.526403427124023,2.552025318145752
FashionMNIST,10000,PatchMLP,denoising,False,True,0.3,Analytical vs GT,27.04113006591797,27.5334529876709,3.545219659805298
FashionMNIST,10000,PatchMLP,denoising,False,True,0.3,Neural vs GT,21.977481842041016,21.976987838745117,1.7612355947494507
FashionMNIST,10000,PatchMLP,denoising,False,True,0.3,Neural vs Analytical,24.093013763427734,23.841703414916992,2.426687717437744
FashionMNIST,10000,PatchMLP,denoising,False,True,0.35,Analytical vs GT,24.49513816833496,24.819866180419922,3.072734832763672
FashionMNIST,10000,PatchMLP,denoising,False,True,0.35,Neural vs GT,20.895687103271484,21.01361083984375,1.7212879657745361
FashionMNIST,10000,PatchMLP,denoising,False,True,0.35,Neural vs Analytical,24.039588928222656,24.065397262573242,2.859901189804077
FashionMNIST,10000,PatchMLP,denoising,False,True,0.4,Analytical vs GT,22.44028091430664,22.465438842773438,2.0056345462799072
FashionMNIST,10000,PatchMLP,denoising,False,True,0.4,Neural vs GT,20.174819946289062,20.091371536254883,1.6770609617233276
FashionMNIST,10000,PatchMLP,denoising,False,True,0.4,Neural vs Analytical,24.07155418395996,24.472614288330078,2.9916350841522217
FashionMNIST,10000,PatchMLP,denoising,False,True,0.45,Analytical vs GT,20.831512451171875,21.413724899291992,2.3147733211517334
FashionMNIST,10000,PatchMLP,denoising,False,True,0.45,Neural vs GT,19.520919799804688,19.609024047851562,1.718217372894287
FashionMNIST,10000,PatchMLP,denoising,False,True,0.45,Neural vs Analytical,25.226673126220703,24.936294555664062,2.992560625076294
FashionMNIST,10000,PatchMLP,denoising,False,True,0.5,Analytical vs GT,19.48561668395996,19.887990951538086,2.0051870346069336
FashionMNIST,10000,PatchMLP,denoising,False,True,0.5,Neural vs GT,18.755237579345703,18.88911247253418,1.5753650665283203
FashionMNIST,10000,PatchMLP,denoising,False,True,0.5,Neural vs Analytical,26.00975799560547,25.759607315063477,2.745478630065918
FashionMNIST,10000,PatchMLP,denoising,False,True,0.6,Analytical vs GT,17.857986450195312,18.082378387451172,1.3837100267410278
FashionMNIST,10000,PatchMLP,denoising,False,True,0.6,Neural vs GT,17.561073303222656,17.50901222229004,1.3944381475448608
FashionMNIST,10000,PatchMLP,denoising,False,True,0.6,Neural vs Analytical,26.48590087890625,26.634035110473633,2.6847445964813232
FashionMNIST,10000,PatchMLP,denoising,False,True,0.7,Analytical vs GT,16.685726165771484,16.7713565826416,1.544247031211853
FashionMNIST,10000,PatchMLP,denoising,False,True,0.7,Neural vs GT,16.442962646484375,16.57561492919922,1.4695265293121338
FashionMNIST,10000,PatchMLP,denoising,False,True,0.7,Neural vs Analytical,27.933135986328125,27.969520568847656,2.370826244354248
FashionMNIST,10000,PatchMLP,denoising,False,True,0.8,Analytical vs GT,16.177494049072266,16.26891326904297,1.6194506883621216
FashionMNIST,10000,PatchMLP,denoising,False,True,0.8,Neural vs GT,16.112125396728516,16.153959274291992,1.6358084678649902
FashionMNIST,10000,PatchMLP,denoising,False,True,0.8,Neural vs Analytical,29.049259185791016,29.105091094970703,1.7678049802780151
FashionMNIST,10000,PatchMLP,denoising,False,True,0.9,Analytical vs GT,15.613260269165039,15.548969268798828,1.484200358390808
FashionMNIST,10000,PatchMLP,denoising,False,True,0.9,Neural vs GT,15.357301712036133,15.417309761047363,1.5329868793487549
FashionMNIST,10000,PatchMLP,denoising,False,True,0.9,Neural vs Analytical,29.49493408203125,29.36315155029297,1.4979536533355713
FashionMNIST,10000,PatchMLP,denoising,False,True,1.0,Analytical vs GT,14.64000415802002,14.75131607055664,1.3702648878097534
FashionMNIST,10000,PatchMLP,denoising,False,True,1.0,Neural vs GT,14.485496520996094,14.639254570007324,1.3157930374145508
FashionMNIST,10000,PatchMLP,denoising,False,True,1.0,Neural vs Analytical,29.30719757080078,29.012380599975586,1.6623340845108032
FashionMNIST,10000,PatchMLP,inpainting_center_15,True,True,0.01,Analytical vs GT,24.493249893188477,25.59656524658203,5.451930046081543
FashionMNIST,10000,PatchMLP,inpainting_center_15,True,True,0.01,Neural vs GT,20.313350677490234,20.295930862426758,2.739061117172241
FashionMNIST,10000,PatchMLP,inpainting_center_15,True,True,0.01,Neural vs Analytical,22.75322914123535,22.871116638183594,3.218531847000122
FashionMNIST,10000,PatchMLP,inpainting_center_15,True,True,0.02,Analytical vs GT,24.23668670654297,25.306133270263672,5.38620662689209
FashionMNIST,10000,PatchMLP,inpainting_center_15,True,True,0.02,Neural vs GT,20.5528564453125,20.550853729248047,2.7324376106262207
FashionMNIST,10000,PatchMLP,inpainting_center_15,True,True,0.02,Neural vs Analytical,23.526363372802734,23.500537872314453,3.304621458053589
FashionMNIST,10000,PatchMLP,inpainting_center_15,True,True,0.03,Analytical vs GT,24.034263610839844,24.962366104125977,5.0010175704956055
FashionMNIST,10000,PatchMLP,inpainting_center_15,True,True,0.03,Neural vs GT,20.496618270874023,20.5230770111084,2.705517530441284
FashionMNIST,10000,PatchMLP,inpainting_center_15,True,True,0.03,Neural vs Analytical,23.777618408203125,23.581621170043945,3.1217968463897705
FashionMNIST,10000,PatchMLP,inpainting_center_15,True,True,0.04,Analytical vs GT,23.530725479125977,24.738649368286133,4.908012390136719
FashionMNIST,10000,PatchMLP,inpainting_center_15,True,True,0.04,Neural vs GT,20.418739318847656,20.512388229370117,2.643397808074951
FashionMNIST,10000,PatchMLP,inpainting_center_15,True,True,0.04,Neural vs Analytical,23.931766510009766,23.774147033691406,3.1149139404296875
FashionMNIST,10000,PatchMLP,inpainting_center_15,True,True,0.05,Analytical vs GT,23.34813690185547,24.40532875061035,4.582510948181152
FashionMNIST,10000,PatchMLP,inpainting_center_15,True,True,0.05,Neural vs GT,20.476839065551758,20.405311584472656,2.5948586463928223
FashionMNIST,10000,PatchMLP,inpainting_center_15,True,True,0.05,Neural vs Analytical,23.712196350097656,23.76418685913086,3.065722703933716
FashionMNIST,10000,PatchMLP,inpainting_center_15,True,True,0.06,Analytical vs GT,23.542341232299805,24.022235870361328,4.438490867614746
FashionMNIST,10000,PatchMLP,inpainting_center_15,True,True,0.06,Neural vs GT,20.24521255493164,20.292282104492188,2.5860681533813477
FashionMNIST,10000,PatchMLP,inpainting_center_15,True,True,0.06,Neural vs Analytical,23.88409996032715,23.8599796295166,3.0148284435272217
FashionMNIST,10000,PatchMLP,inpainting_center_15,True,True,0.07,Analytical vs GT,23.467323303222656,23.790210723876953,4.477318286895752
FashionMNIST,10000,PatchMLP,inpainting_center_15,True,True,0.07,Neural vs GT,20.178890228271484,20.21767807006836,2.5533459186553955
FashionMNIST,10000,PatchMLP,inpainting_center_15,True,True,0.07,Neural vs Analytical,24.05615997314453,23.973047256469727,2.997645378112793
FashionMNIST,10000,PatchMLP,inpainting_center_15,True,True,0.08,Analytical vs GT,23.203493118286133,23.53408432006836,4.194545269012451
FashionMNIST,10000,PatchMLP,inpainting_center_15,True,True,0.08,Neural vs GT,20.04094696044922,20.152873992919922,2.4856343269348145
FashionMNIST,10000,PatchMLP,inpainting_center_15,True,True,0.08,Neural vs Analytical,23.994544982910156,23.958478927612305,2.8763680458068848
FashionMNIST,10000,PatchMLP,inpainting_center_15,True,True,0.09,Analytical vs GT,22.71331024169922,23.210224151611328,4.000035762786865
FashionMNIST,10000,PatchMLP,inpainting_center_15,True,True,0.09,Neural vs GT,20.068483352661133,20.019207000732422,2.4796690940856934
FashionMNIST,10000,PatchMLP,inpainting_center_15,True,True,0.09,Neural vs Analytical,23.943695068359375,23.994155883789062,2.9896492958068848
FashionMNIST,10000,PatchMLP,inpainting_center_15,True,True,0.1,Analytical vs GT,22.762813568115234,22.979503631591797,3.748495101928711
FashionMNIST,10000,PatchMLP,inpainting_center_15,True,True,0.1,Neural vs GT,19.88690185546875,19.964263916015625,2.534601926803589
FashionMNIST,10000,PatchMLP,inpainting_center_15,True,True,0.1,Neural vs Analytical,24.17418098449707,24.061105728149414,3.037221670150757
FashionMNIST,10000,PatchMLP,inpainting_center_15,True,True,0.15,Analytical vs GT,21.957910537719727,22.176889419555664,3.442721128463745
FashionMNIST,10000,PatchMLP,inpainting_center_15,True,True,0.15,Neural vs GT,19.292598724365234,19.388193130493164,2.30057430267334
FashionMNIST,10000,PatchMLP,inpainting_center_15,True,True,0.15,Neural vs Analytical,23.79340362548828,23.803091049194336,2.888483762741089
FashionMNIST,10000,PatchMLP,inpainting_center_15,True,True,0.2,Analytical vs GT,21.304912567138672,21.16997718811035,2.9042866230010986
FashionMNIST,10000,PatchMLP,inpainting_center_15,True,True,0.2,Neural vs GT,18.778919219970703,18.893932342529297,2.199355363845825
FashionMNIST,10000,PatchMLP,inpainting_center_15,True,True,0.2,Neural vs Analytical,23.86039924621582,23.66930389404297,2.909379720687866
FashionMNIST,10000,PatchMLP,inpainting_center_15,True,True,0.25,Analytical vs GT,20.267303466796875,20.4208927154541,2.66456937789917
FashionMNIST,10000,PatchMLP,inpainting_center_15,True,True,0.25,Neural vs GT,18.319780349731445,18.379976272583008,2.0153751373291016
FashionMNIST,10000,PatchMLP,inpainting_center_15,True,True,0.25,Neural vs Analytical,23.98862648010254,23.70125961303711,3.1041011810302734
FashionMNIST,10000,PatchMLP,inpainting_center_15,True,True,0.3,Analytical vs GT,19.657962799072266,19.53594398498535,2.3750782012939453
FashionMNIST,10000,PatchMLP,inpainting_center_15,True,True,0.3,Neural vs GT,17.83977508544922,17.966524124145508,1.988526463508606
FashionMNIST,10000,PatchMLP,inpainting_center_15,True,True,0.3,Neural vs Analytical,24.09573745727539,23.759309768676758,2.7568583488464355
FashionMNIST,10000,PatchMLP,inpainting_center_15,True,True,0.35,Analytical vs GT,19.256267547607422,18.902694702148438,2.057605028152466
FashionMNIST,10000,PatchMLP,inpainting_center_15,True,True,0.35,Neural vs GT,17.21564292907715,17.536474227905273,1.8552240133285522
FashionMNIST,10000,PatchMLP,inpainting_center_15,True,True,0.35,Neural vs Analytical,23.582691192626953,23.769113540649414,2.9406673908233643
FashionMNIST,10000,PatchMLP,inpainting_center_15,True,True,0.4,Analytical vs GT,18.102069854736328,18.035205841064453,1.8794540166854858
FashionMNIST,10000,PatchMLP,inpainting_center_15,True,True,0.4,Neural vs GT,17.045642852783203,17.091320037841797,1.73891282081604
FashionMNIST,10000,PatchMLP,inpainting_center_15,True,True,0.4,Neural vs Analytical,24.44124984741211,24.118852615356445,2.9334311485290527
FashionMNIST,10000,PatchMLP,inpainting_center_15,True,True,0.45,Analytical vs GT,17.60008430480957,17.728199005126953,1.8193551301956177
FashionMNIST,10000,PatchMLP,inpainting_center_15,True,True,0.45,Neural vs GT,16.647539138793945,16.845552444458008,1.761991262435913
FashionMNIST,10000,PatchMLP,inpainting_center_15,True,True,0.45,Neural vs Analytical,24.421241760253906,24.361671447753906,3.024308443069458
FashionMNIST,10000,PatchMLP,inpainting_center_15,True,True,0.5,Analytical vs GT,17.06559944152832,17.139692306518555,1.7206754684448242
FashionMNIST,10000,PatchMLP,inpainting_center_15,True,True,0.5,Neural vs GT,16.42458152770996,16.547195434570312,1.68942129611969
FashionMNIST,10000,PatchMLP,inpainting_center_15,True,True,0.5,Neural vs Analytical,24.631258010864258,25.087505340576172,2.8769724369049072
FashionMNIST,10000,PatchMLP,inpainting_center_15,True,True,0.6,Analytical vs GT,16.348339080810547,16.43376350402832,1.5298124551773071
FashionMNIST,10000,PatchMLP,inpainting_center_15,True,True,0.6,Neural vs GT,16.00257110595703,15.965605735778809,1.537039041519165
FashionMNIST,10000,PatchMLP,inpainting_center_15,True,True,0.6,Neural vs Analytical,25.46404266357422,25.33133316040039,2.6233010292053223
FashionMNIST,10000,PatchMLP,inpainting_center_15,True,True,0.7,Analytical vs GT,15.497512817382812,15.651311874389648,1.5852055549621582
FashionMNIST,10000,PatchMLP,inpainting_center_15,True,True,0.7,Neural vs GT,15.505697250366211,15.444080352783203,1.638843297958374
FashionMNIST,10000,PatchMLP,inpainting_center_15,True,True,0.7,Neural vs Analytical,26.09579086303711,26.104578018188477,2.5335581302642822
FashionMNIST,10000,PatchMLP,inpainting_center_15,True,True,0.8,Analytical vs GT,15.388890266418457,15.167506217956543,1.5584709644317627
FashionMNIST,10000,PatchMLP,inpainting_center_15,True,True,0.8,Neural vs GT,15.23327350616455,15.031944274902344,1.5603761672973633
FashionMNIST,10000,PatchMLP,inpainting_center_15,True,True,0.8,Neural vs Analytical,26.469947814941406,26.23891830444336,1.9847272634506226
FashionMNIST,10000,PatchMLP,inpainting_center_15,True,True,0.9,Analytical vs GT,14.884965896606445,14.857556343078613,1.5208680629730225
FashionMNIST,10000,PatchMLP,inpainting_center_15,True,True,0.9,Neural vs GT,14.774016380310059,14.740030288696289,1.5958225727081299
FashionMNIST,10000,PatchMLP,inpainting_center_15,True,True,0.9,Neural vs Analytical,26.98651123046875,26.5649471282959,1.8411304950714111
FashionMNIST,10000,PatchMLP,inpainting_center_15,True,True,1.0,Analytical vs GT,14.328902244567871,14.295488357543945,1.2375560998916626
FashionMNIST,10000,PatchMLP,inpainting_center_15,True,True,1.0,Neural vs GT,14.33029556274414,14.142725944519043,1.2888565063476562
FashionMNIST,10000,PatchMLP,inpainting_center_15,True,True,1.0,Neural vs Analytical,26.3092041015625,25.956005096435547,1.9508752822875977
FashionMNIST,10000,PatchMLP,convolution_gaussian_1.0,True,True,0.01,Analytical vs GT,79.62123107910156,74.74126434326172,7.71869421005249
FashionMNIST,10000,PatchMLP,convolution_gaussian_1.0,True,True,0.01,Neural vs GT,20.029449462890625,20.073884963989258,1.4696236848831177
FashionMNIST,10000,PatchMLP,convolution_gaussian_1.0,True,True,0.01,Neural vs Analytical,20.029531478881836,20.074134826660156,1.4696624279022217
FashionMNIST,10000,PatchMLP,convolution_gaussian_1.0,True,True,0.02,Analytical vs GT,60.96918487548828,62.792457580566406,11.251631736755371
FashionMNIST,10000,PatchMLP,convolution_gaussian_1.0,True,True,0.02,Neural vs GT,19.53466033935547,19.547086715698242,1.4268766641616821
FashionMNIST,10000,PatchMLP,convolution_gaussian_1.0,True,True,0.02,Neural vs Analytical,19.529083251953125,19.548828125,1.4275124073028564
FashionMNIST,10000,PatchMLP,convolution_gaussian_1.0,True,True,0.03,Analytical vs GT,52.485595703125,53.733314514160156,11.49608039855957
FashionMNIST,10000,PatchMLP,convolution_gaussian_1.0,True,True,0.03,Neural vs GT,18.713272094726562,18.653820037841797,1.5592957735061646
FashionMNIST,10000,PatchMLP,convolution_gaussian_1.0,True,True,0.03,Neural vs Analytical,18.716594696044922,18.664033889770508,1.5704330205917358
FashionMNIST,10000,PatchMLP,convolution_gaussian_1.0,True,True,0.04,Analytical vs GT,40.91998291015625,43.844970703125,8.663537979125977
FashionMNIST,10000,PatchMLP,convolution_gaussian_1.0,True,True,0.04,Neural vs GT,18.2034854888916,18.165264129638672,1.2783689498901367
FashionMNIST,10000,PatchMLP,convolution_gaussian_1.0,True,True,0.04,Neural vs Analytical,18.207653045654297,18.19645118713379,1.262792944908142
FashionMNIST,10000,PatchMLP,convolution_gaussian_1.0,True,True,0.05,Analytical vs GT,36.45460510253906,38.2855110168457,7.3253607749938965
FashionMNIST,10000,PatchMLP,convolution_gaussian_1.0,True,True,0.05,Neural vs GT,17.71908187866211,17.793804168701172,1.5343830585479736
FashionMNIST,10000,PatchMLP,convolution_gaussian_1.0,True,True,0.05,Neural vs Analytical,17.734596252441406,17.887964248657227,1.5657461881637573
FashionMNIST,10000,PatchMLP,convolution_gaussian_1.0,True,True,0.06,Analytical vs GT,33.2639045715332,33.582889556884766,3.7350881099700928
FashionMNIST,10000,PatchMLP,convolution_gaussian_1.0,True,True,0.06,Neural vs GT,17.373085021972656,17.286964416503906,1.441023826599121
FashionMNIST,10000,PatchMLP,convolution_gaussian_1.0,True,True,0.06,Neural vs Analytical,17.395631790161133,17.41139793395996,1.485785961151123
FashionMNIST,10000,PatchMLP,convolution_gaussian_1.0,True,True,0.07,Analytical vs GT,30.916112899780273,31.0792179107666,3.392296314239502
FashionMNIST,10000,PatchMLP,convolution_gaussian_1.0,True,True,0.07,Neural vs GT,17.05596923828125,16.861608505249023,1.3970268964767456
FashionMNIST,10000,PatchMLP,convolution_gaussian_1.0,True,True,0.07,Neural vs Analytical,17.11260986328125,17.0681095123291,1.430930733680725
FashionMNIST,10000,PatchMLP,convolution_gaussian_1.0,True,True,0.08,Analytical vs GT,28.793466567993164,28.765060424804688,3.0269832611083984
FashionMNIST,10000,PatchMLP,convolution_gaussian_1.0,True,True,0.08,Neural vs GT,16.56890106201172,16.417827606201172,1.3886024951934814
FashionMNIST,10000,PatchMLP,convolution_gaussian_1.0,True,True,0.08,Neural vs Analytical,16.927255630493164,16.68408966064453,1.4844764471054077
FashionMNIST,10000,PatchMLP,convolution_gaussian_1.0,True,True,0.09,Analytical vs GT,26.982789993286133,27.137327194213867,2.942270517349243
FashionMNIST,10000,PatchMLP,convolution_gaussian_1.0,True,True,0.09,Neural vs GT,16.196491241455078,15.99535846710205,1.300680160522461
FashionMNIST,10000,PatchMLP,convolution_gaussian_1.0,True,True,0.09,Neural vs Analytical,16.487701416015625,16.298324584960938,1.381312370300293
FashionMNIST,10000,PatchMLP,convolution_gaussian_1.0,True,True,0.1,Analytical vs GT,25.464984893798828,25.991859436035156,2.640209436416626
FashionMNIST,10000,PatchMLP,convolution_gaussian_1.0,True,True,0.1,Neural vs GT,15.770625114440918,15.752706527709961,1.3148847818374634
FashionMNIST,10000,PatchMLP,convolution_gaussian_1.0,True,True,0.1,Neural vs Analytical,15.992057800292969,16.097986221313477,1.3958977460861206
FashionMNIST,10000,PatchMLP,convolution_gaussian_1.0,True,True,0.15,Analytical vs GT,22.011295318603516,22.057950973510742,2.037559986114502
FashionMNIST,10000,PatchMLP,convolution_gaussian_1.0,True,True,0.15,Neural vs GT,14.3966646194458,14.293940544128418,1.4202840328216553
FashionMNIST,10000,PatchMLP,convolution_gaussian_1.0,True,True,0.15,Neural vs Analytical,14.41301441192627,14.557110786437988,1.4056562185287476
FashionMNIST,10000,PatchMLP,convolution_gaussian_1.0,True,True,0.2,Analytical vs GT,19.881145477294922,19.938650131225586,1.5769680738449097
FashionMNIST,10000,PatchMLP,convolution_gaussian_1.0,True,True,0.2,Neural vs GT,13.178424835205078,13.17992877960205,1.5124335289001465
FashionMNIST,10000,PatchMLP,convolution_gaussian_1.0,True,True,0.2,Neural vs Analytical,13.290315628051758,13.291350364685059,1.3140034675598145
FashionMNIST,10000,PatchMLP,convolution_gaussian_1.0,True,True,0.25,Analytical vs GT,18.997371673583984,19.031845092773438,1.5194603204727173
FashionMNIST,10000,PatchMLP,convolution_gaussian_1.0,True,True,0.25,Neural vs GT,12.339349746704102,12.2897367477417,1.665609359741211
FashionMNIST,10000,PatchMLP,convolution_gaussian_1.0,True,True,0.25,Neural vs Analytical,12.171212196350098,12.19759750366211,1.4483760595321655
FashionMNIST,10000,PatchMLP,convolution_gaussian_1.0,True,True,0.3,Analytical vs GT,18.15127182006836,17.953651428222656,1.333696961402893
FashionMNIST,10000,PatchMLP,convolution_gaussian_1.0,True,True,0.3,Neural vs GT,11.944916725158691,11.750348091125488,1.6255134344100952
FashionMNIST,10000,PatchMLP,convolution_gaussian_1.0,True,True,0.3,Neural vs Analytical,11.655956268310547,11.552263259887695,1.2464326620101929
FashionMNIST,10000,PatchMLP,convolution_gaussian_1.0,True,True,0.35,Analytical vs GT,17.602882385253906,17.479324340820312,1.3875490427017212
FashionMNIST,10000,PatchMLP,convolution_gaussian_1.0,True,True,0.35,Neural vs GT,11.361615180969238,11.327606201171875,1.617861270904541
FashionMNIST,10000,PatchMLP,convolution_gaussian_1.0,True,True,0.35,Neural vs Analytical,11.012704849243164,11.006638526916504,1.051630973815918
FashionMNIST,10000,PatchMLP,convolution_gaussian_1.0,True,True,0.4,Analytical vs GT,16.69873809814453,16.767393112182617,1.2999094724655151
FashionMNIST,10000,PatchMLP,convolution_gaussian_1.0,True,True,0.4,Neural vs GT,10.93801498413086,10.950819969177246,1.7322129011154175
FashionMNIST,10000,PatchMLP,convolution_gaussian_1.0,True,True,0.4,Neural vs Analytical,10.502375602722168,10.480076789855957,1.2650537490844727
FashionMNIST,10000,PatchMLP,convolution_gaussian_1.0,True,True,0.45,Analytical vs GT,16.72323226928711,16.66841697692871,1.3690305948257446
FashionMNIST,10000,PatchMLP,convolution_gaussian_1.0,True,True,0.45,Neural vs GT,10.618179321289062,10.691374778747559,1.6924699544906616
FashionMNIST,10000,PatchMLP,convolution_gaussian_1.0,True,True,0.45,Neural vs Analytical,10.20787525177002,10.130260467529297,1.4099465608596802
FashionMNIST,10000,PatchMLP,convolution_gaussian_1.0,True,True,0.5,Analytical vs GT,16.204113006591797,16.19356918334961,1.345799446105957
FashionMNIST,10000,PatchMLP,convolution_gaussian_1.0,True,True,0.5,Neural vs GT,10.384520530700684,10.486686706542969,1.7718563079833984
FashionMNIST,10000,PatchMLP,convolution_gaussian_1.0,True,True,0.5,Neural vs Analytical,9.908039093017578,10.000062942504883,1.2261817455291748
FashionMNIST,10000,PatchMLP,convolution_gaussian_1.0,True,True,0.6,Analytical vs GT,15.164112091064453,15.40035629272461,1.1576670408248901
FashionMNIST,10000,PatchMLP,convolution_gaussian_1.0,True,True,0.6,Neural vs GT,10.208671569824219,10.182524681091309,1.8109492063522339
FashionMNIST,10000,PatchMLP,convolution_gaussian_1.0,True,True,0.6,Neural vs Analytical,9.68591022491455,9.511465072631836,1.8792468309402466
FashionMNIST,10000,PatchMLP,convolution_gaussian_1.0,True,True,0.7,Analytical vs GT,14.831960678100586,14.816768646240234,1.3750064373016357
FashionMNIST,10000,PatchMLP,convolution_gaussian_1.0,True,True,0.7,Neural vs GT,9.980331420898438,9.971055030822754,1.8184020519256592
FashionMNIST,10000,PatchMLP,convolution_gaussian_1.0,True,True,0.7,Neural vs Analytical,9.505692481994629,9.256692886352539,1.4707063436508179
FashionMNIST,10000,PatchMLP,convolution_gaussian_1.0,True,True,0.8,Analytical vs GT,14.403973579406738,14.711600303649902,1.5424144268035889
FashionMNIST,10000,PatchMLP,convolution_gaussian_1.0,True,True,0.8,Neural vs GT,9.86309814453125,9.886321067810059,1.8757946491241455
FashionMNIST,10000,PatchMLP,convolution_gaussian_1.0,True,True,0.8,Neural vs Analytical,9.423807144165039,9.440495491027832,1.2800019979476929
FashionMNIST,10000,PatchMLP,convolution_gaussian_1.0,True,True,0.9,Analytical vs GT,14.231094360351562,14.246460914611816,1.4902364015579224
FashionMNIST,10000,PatchMLP,convolution_gaussian_1.0,True,True,0.9,Neural vs GT,9.777451515197754,9.757305145263672,1.8701629638671875
FashionMNIST,10000,PatchMLP,convolution_gaussian_1.0,True,True,0.9,Neural vs Analytical,9.233613014221191,9.223030090332031,1.3596538305282593
FashionMNIST,10000,PatchMLP,convolution_gaussian_1.0,True,True,1.0,Analytical vs GT,13.518285751342773,13.62137222290039,1.3788813352584839
FashionMNIST,10000,PatchMLP,convolution_gaussian_1.0,True,True,1.0,Neural vs GT,9.708183288574219,9.716299057006836,1.9021967649459839
FashionMNIST,10000,PatchMLP,convolution_gaussian_1.0,True,True,1.0,Neural vs Analytical,9.629833221435547,9.596484184265137,1.047515630722046
FashionMNIST,10000,PatchMLP,inpainting_center_15,False,False,0.01,Analytical vs GT,14.824197769165039,14.621356964111328,1.7396843433380127
FashionMNIST,10000,PatchMLP,inpainting_center_15,False,False,0.01,Neural vs GT,16.126863479614258,16.31656837463379,2.3322556018829346
FashionMNIST,10000,PatchMLP,inpainting_center_15,False,False,0.01,Neural vs Analytical,19.17801284790039,19.269123077392578,2.2581915855407715
FashionMNIST,10000,PatchMLP,inpainting_center_15,False,False,0.02,Analytical vs GT,15.066888809204102,14.734728813171387,1.7050561904907227
FashionMNIST,10000,PatchMLP,inpainting_center_15,False,False,0.02,Neural vs GT,16.288654327392578,16.33203887939453,2.28842830657959
FashionMNIST,10000,PatchMLP,inpainting_center_15,False,False,0.02,Neural vs Analytical,19.604228973388672,19.53583526611328,2.2426884174346924
FashionMNIST,10000,PatchMLP,inpainting_center_15,False,False,0.03,Analytical vs GT,14.843219757080078,14.734179496765137,1.7148622274398804
FashionMNIST,10000,PatchMLP,inpainting_center_15,False,False,0.03,Neural vs GT,16.124778747558594,16.305543899536133,2.297466278076172
FashionMNIST,10000,PatchMLP,inpainting_center_15,False,False,0.03,Neural vs Analytical,20.02679443359375,19.658714294433594,2.2964718341827393
FashionMNIST,10000,PatchMLP,inpainting_center_15,False,False,0.04,Analytical vs GT,14.775936126708984,14.779596328735352,1.7185211181640625
FashionMNIST,10000,PatchMLP,inpainting_center_15,False,False,0.04,Neural vs GT,16.089420318603516,16.2337703704834,2.3073976039886475
FashionMNIST,10000,PatchMLP,inpainting_center_15,False,False,0.04,Neural vs Analytical,20.069499969482422,19.856203079223633,2.2451632022857666
FashionMNIST,10000,PatchMLP,inpainting_center_15,False,False,0.05,Analytical vs GT,14.837736129760742,14.76655387878418,1.741014838218689
FashionMNIST,10000,PatchMLP,inpainting_center_15,False,False,0.05,Neural vs GT,16.207740783691406,16.236907958984375,2.2756595611572266
FashionMNIST,10000,PatchMLP,inpainting_center_15,False,False,0.05,Neural vs Analytical,20.668670654296875,20.031597137451172,2.340127944946289
FashionMNIST,10000,PatchMLP,inpainting_center_15,False,False,0.06,Analytical vs GT,14.949287414550781,14.867839813232422,1.7184357643127441
FashionMNIST,10000,PatchMLP,inpainting_center_15,False,False,0.06,Neural vs GT,16.38503074645996,16.18610954284668,2.1906981468200684
FashionMNIST,10000,PatchMLP,inpainting_center_15,False,False,0.06,Neural vs Analytical,20.395681381225586,20.337797164916992,2.3320813179016113
FashionMNIST,10000,PatchMLP,inpainting_center_15,False,False,0.07,Analytical vs GT,14.897218704223633,14.824925422668457,1.685617208480835
FashionMNIST,10000,PatchMLP,inpainting_center_15,False,False,0.07,Neural vs GT,16.045921325683594,16.170177459716797,2.191524028778076
FashionMNIST,10000,PatchMLP,inpainting_center_15,False,False,0.07,Neural vs Analytical,20.73576545715332,20.500717163085938,2.464221239089966
FashionMNIST,10000,PatchMLP,inpainting_center_15,False,False,0.08,Analytical vs GT,14.607231140136719,14.827973365783691,1.6889262199401855
FashionMNIST,10000,PatchMLP,inpainting_center_15,False,False,0.08,Neural vs GT,16.042566299438477,16.11615562438965,2.1633405685424805
FashionMNIST,10000,PatchMLP,inpainting_center_15,False,False,0.08,Neural vs Analytical,21.044662475585938,20.61517333984375,2.4423599243164062
FashionMNIST,10000,PatchMLP,inpainting_center_15,False,False,0.09,Analytical vs GT,14.708952903747559,14.759344100952148,1.7152934074401855
FashionMNIST,10000,PatchMLP,inpainting_center_15,False,False,0.09,Neural vs GT,16.03607940673828,15.993389129638672,2.2327842712402344
FashionMNIST,10000,PatchMLP,inpainting_center_15,False,False,0.09,Neural vs Analytical,20.914871215820312,20.821714401245117,2.4586737155914307
FashionMNIST,10000,PatchMLP,inpainting_center_15,False,False,0.1,Analytical vs GT,14.783199310302734,14.83700180053711,1.7076021432876587
FashionMNIST,10000,PatchMLP,inpainting_center_15,False,False,0.1,Neural vs GT,15.964227676391602,15.920219421386719,2.2027814388275146
FashionMNIST,10000,PatchMLP,inpainting_center_15,False,False,0.1,Neural vs Analytical,21.245685577392578,21.097763061523438,2.471975564956665
FashionMNIST,10000,PatchMLP,inpainting_center_15,False,False,0.15,Analytical vs GT,14.209820747375488,14.749673843383789,1.6768523454666138
FashionMNIST,10000,PatchMLP,inpainting_center_15,False,False,0.15,Neural vs GT,15.455562591552734,15.534655570983887,1.9938122034072876
FashionMNIST,10000,PatchMLP,inpainting_center_15,False,False,0.15,Neural vs Analytical,21.817779541015625,21.625829696655273,2.394754648208618
FashionMNIST,10000,PatchMLP,inpainting_center_15,False,False,0.2,Analytical vs GT,14.188858032226562,14.49999713897705,1.6824268102645874
FashionMNIST,10000,PatchMLP,inpainting_center_15,False,False,0.2,Neural vs GT,14.74563980102539,15.023573875427246,1.8145339488983154
FashionMNIST,10000,PatchMLP,inpainting_center_15,False,False,0.2,Neural vs Analytical,22.13372039794922,21.748302459716797,2.267439842224121
FashionMNIST,10000,PatchMLP,inpainting_center_15,False,False,0.25,Analytical vs GT,13.647208213806152,14.233826637268066,1.578309178352356
FashionMNIST,10000,PatchMLP,inpainting_center_15,False,False,0.25,Neural vs GT,14.037761688232422,14.667981147766113,1.825954794883728
FashionMNIST,10000,PatchMLP,inpainting_center_15,False,False,0.25,Neural vs Analytical,22.436920166015625,22.21780776977539,2.041506290435791
FashionMNIST,10000,PatchMLP,inpainting_center_15,False,False,0.3,Analytical vs GT,13.969627380371094,14.117168426513672,1.5630642175674438
FashionMNIST,10000,PatchMLP,inpainting_center_15,False,False,0.3,Neural vs GT,13.931074142456055,14.320960998535156,1.6503299474716187
FashionMNIST,10000,PatchMLP,inpainting_center_15,False,False,0.3,Neural vs Analytical,22.501174926757812,22.444011688232422,1.9997628927230835
FashionMNIST,10000,PatchMLP,inpainting_center_15,False,False,0.35,Analytical vs GT,13.45967960357666,13.7267484664917,1.5475928783416748
FashionMNIST,10000,PatchMLP,inpainting_center_15,False,False,0.35,Neural vs GT,13.398283958435059,13.851107597351074,1.6082243919372559
FashionMNIST,10000,PatchMLP,inpainting_center_15,False,False,0.35,Neural vs Analytical,23.458375930786133,23.3437442779541,1.8313627243041992
FashionMNIST,10000,PatchMLP,inpainting_center_15,False,False,0.4,Analytical vs GT,13.307662963867188,13.592092514038086,1.563189148902893
FashionMNIST,10000,PatchMLP,inpainting_center_15,False,False,0.4,Neural vs GT,13.536470413208008,13.712689399719238,1.6804691553115845
FashionMNIST,10000,PatchMLP,inpainting_center_15,False,False,0.4,Neural vs Analytical,23.38983154296875,23.29882049560547,1.9757680892944336
FashionMNIST,10000,PatchMLP,inpainting_center_15,False,False,0.45,Analytical vs GT,12.977886199951172,13.141785621643066,1.527369737625122
FashionMNIST,10000,PatchMLP,inpainting_center_15,False,False,0.45,Neural vs GT,13.211041450500488,13.29220962524414,1.5647101402282715
FashionMNIST,10000,PatchMLP,inpainting_center_15,False,False,0.45,Neural vs Analytical,23.692256927490234,23.52710723876953,1.869323492050171
FashionMNIST,10000,PatchMLP,inpainting_center_15,False,False,0.5,Analytical vs GT,12.708868026733398,12.92170524597168,1.5239973068237305
FashionMNIST,10000,PatchMLP,inpainting_center_15,False,False,0.5,Neural vs GT,12.75064468383789,13.005693435668945,1.5856016874313354
FashionMNIST,10000,PatchMLP,inpainting_center_15,False,False,0.5,Neural vs Analytical,23.829147338867188,23.44580078125,2.7714812755584717
FashionMNIST,10000,PatchMLP,inpainting_center_15,False,False,0.6,Analytical vs GT,12.240639686584473,12.294907569885254,1.4640305042266846
FashionMNIST,10000,PatchMLP,inpainting_center_15,False,False,0.6,Neural vs GT,12.308692932128906,12.327780723571777,1.5314909219741821
FashionMNIST,10000,PatchMLP,inpainting_center_15,False,False,0.6,Neural vs Analytical,24.29513931274414,24.007183074951172,1.848760724067688
FashionMNIST,10000,PatchMLP,inpainting_center_15,False,False,0.7,Analytical vs GT,11.784284591674805,11.865949630737305,1.4344761371612549
FashionMNIST,10000,PatchMLP,inpainting_center_15,False,False,0.7,Neural vs GT,11.626569747924805,11.912470817565918,1.5763317346572876
FashionMNIST,10000,PatchMLP,inpainting_center_15,False,False,0.7,Neural vs Analytical,24.3289794921875,24.207408905029297,2.0248842239379883
FashionMNIST,10000,PatchMLP,inpainting_center_15,False,False,0.8,Analytical vs GT,11.547384262084961,11.614465713500977,1.3630826473236084
FashionMNIST,10000,PatchMLP,inpainting_center_15,False,False,0.8,Neural vs GT,11.663654327392578,11.613788604736328,1.4232577085494995
FashionMNIST,10000,PatchMLP,inpainting_center_15,False,False,0.8,Neural vs Analytical,25.032838821411133,24.80508041381836,1.8900738954544067
FashionMNIST,10000,PatchMLP,inpainting_center_15,False,False,0.9,Analytical vs GT,11.08719253540039,11.371993064880371,1.3620682954788208
FashionMNIST,10000,PatchMLP,inpainting_center_15,False,False,0.9,Neural vs GT,11.210369110107422,11.398782730102539,1.4174511432647705
FashionMNIST,10000,PatchMLP,inpainting_center_15,False,False,0.9,Neural vs Analytical,25.419490814208984,25.075939178466797,1.7957797050476074
FashionMNIST,10000,PatchMLP,inpainting_center_15,False,False,1.0,Analytical vs GT,10.793128967285156,11.080687522888184,1.5652459859848022
FashionMNIST,10000,PatchMLP,inpainting_center_15,False,False,1.0,Neural vs GT,10.662271499633789,11.11985969543457,1.6562120914459229
FashionMNIST,10000,PatchMLP,inpainting_center_15,False,False,1.0,Neural vs Analytical,24.93160629272461,24.810646057128906,1.9820419549942017
FashionMNIST,10000,PatchMLP,convolution_gaussian_1.0,False,False,0.01,Analytical vs GT,20.3880672454834,20.436447143554688,2.5765891075134277
FashionMNIST,10000,PatchMLP,convolution_gaussian_1.0,False,False,0.01,Neural vs GT,27.37317657470703,27.177305221557617,2.5689053535461426
FashionMNIST,10000,PatchMLP,convolution_gaussian_1.0,False,False,0.01,Neural vs Analytical,21.30481719970703,21.043119430541992,2.3713462352752686
FashionMNIST,10000,PatchMLP,convolution_gaussian_1.0,False,False,0.02,Analytical vs GT,20.586002349853516,20.505693435668945,2.5788843631744385
FashionMNIST,10000,PatchMLP,convolution_gaussian_1.0,False,False,0.02,Neural vs GT,26.81035614013672,26.584716796875,2.883530616760254
FashionMNIST,10000,PatchMLP,convolution_gaussian_1.0,False,False,0.02,Neural vs Analytical,21.359699249267578,21.402572631835938,2.4213569164276123
FashionMNIST,10000,PatchMLP,convolution_gaussian_1.0,False,False,0.03,Analytical vs GT,20.49512481689453,20.32188606262207,2.492729663848877
FashionMNIST,10000,PatchMLP,convolution_gaussian_1.0,False,False,0.03,Neural vs GT,25.943008422851562,25.872018814086914,2.9694936275482178
FashionMNIST,10000,PatchMLP,convolution_gaussian_1.0,False,False,0.03,Neural vs Analytical,21.780261993408203,21.46432113647461,2.295170783996582
FashionMNIST,10000,PatchMLP,convolution_gaussian_1.0,False,False,0.04,Analytical vs GT,20.406322479248047,20.455791473388672,2.5737860202789307
FashionMNIST,10000,PatchMLP,convolution_gaussian_1.0,False,False,0.04,Neural vs GT,25.38534164428711,25.173444747924805,2.7192254066467285
FashionMNIST,10000,PatchMLP,convolution_gaussian_1.0,False,False,0.04,Neural vs Analytical,21.928699493408203,21.774375915527344,2.3384108543395996
FashionMNIST,10000,PatchMLP,convolution_gaussian_1.0,False,False,0.05,Analytical vs GT,20.350000381469727,20.497835159301758,2.6638970375061035
FashionMNIST,10000,PatchMLP,convolution_gaussian_1.0,False,False,0.05,Neural vs GT,25.05902099609375,24.642230987548828,2.8145751953125
FashionMNIST,10000,PatchMLP,convolution_gaussian_1.0,False,False,0.05,Neural vs Analytical,22.313549041748047,21.945327758789062,2.383418321609497
FashionMNIST,10000,PatchMLP,convolution_gaussian_1.0,False,False,0.06,Analytical vs GT,20.306949615478516,20.527097702026367,2.684298515319824
FashionMNIST,10000,PatchMLP,convolution_gaussian_1.0,False,False,0.06,Neural vs GT,24.284469604492188,24.118555068969727,2.701375722885132
FashionMNIST,10000,PatchMLP,convolution_gaussian_1.0,False,False,0.06,Neural vs Analytical,22.455860137939453,22.233903884887695,2.413646936416626
FashionMNIST,10000,PatchMLP,convolution_gaussian_1.0,False,False,0.07,Analytical vs GT,20.501028060913086,20.509477615356445,2.547956705093384
FashionMNIST,10000,PatchMLP,convolution_gaussian_1.0,False,False,0.07,Neural vs GT,23.73900604248047,23.57672119140625,2.6923391819000244
FashionMNIST,10000,PatchMLP,convolution_gaussian_1.0,False,False,0.07,Neural vs Analytical,22.401491165161133,22.442781448364258,2.4086296558380127
FashionMNIST,10000,PatchMLP,convolution_gaussian_1.0,False,False,0.08,Analytical vs GT,20.486045837402344,20.59485626220703,2.6950597763061523
FashionMNIST,10000,PatchMLP,convolution_gaussian_1.0,False,False,0.08,Neural vs GT,23.312915802001953,23.338211059570312,2.680734395980835
FashionMNIST,10000,PatchMLP,convolution_gaussian_1.0,False,False,0.08,Neural vs Analytical,22.751928329467773,22.644289016723633,2.2705554962158203
FashionMNIST,10000,PatchMLP,convolution_gaussian_1.0,False,False,0.09,Analytical vs GT,20.4287109375,20.593793869018555,2.5801444053649902
FashionMNIST,10000,PatchMLP,convolution_gaussian_1.0,False,False,0.09,Neural vs GT,23.126632690429688,23.007070541381836,2.4610157012939453
FashionMNIST,10000,PatchMLP,convolution_gaussian_1.0,False,False,0.09,Neural vs Analytical,23.300193786621094,23.064315795898438,2.509835720062256
FashionMNIST,10000,PatchMLP,convolution_gaussian_1.0,False,False,0.1,Analytical vs GT,20.599506378173828,20.542264938354492,2.5123541355133057
FashionMNIST,10000,PatchMLP,convolution_gaussian_1.0,False,False,0.1,Neural vs GT,22.514989852905273,22.485183715820312,2.4060792922973633
FashionMNIST,10000,PatchMLP,convolution_gaussian_1.0,False,False,0.1,Neural vs Analytical,23.563024520874023,23.261873245239258,2.327913522720337
FashionMNIST,10000,PatchMLP,convolution_gaussian_1.0,False,False,0.15,Analytical vs GT,20.548675537109375,20.503633499145508,2.5288679599761963
FashionMNIST,10000,PatchMLP,convolution_gaussian_1.0,False,False,0.15,Neural vs GT,21.349910736083984,21.27224349975586,2.1730875968933105
FashionMNIST,10000,PatchMLP,convolution_gaussian_1.0,False,False,0.15,Neural vs Analytical,24.944961547851562,24.649656295776367,2.4882988929748535
FashionMNIST,10000,PatchMLP,convolution_gaussian_1.0,False,False,0.2,Analytical vs GT,19.785316467285156,19.936037063598633,2.2648587226867676
FashionMNIST,10000,PatchMLP,convolution_gaussian_1.0,False,False,0.2,Neural vs GT,20.226634979248047,20.12491226196289,1.9916138648986816
FashionMNIST,10000,PatchMLP,convolution_gaussian_1.0,False,False,0.2,Neural vs Analytical,25.985370635986328,26.291181564331055,2.5874388217926025
FashionMNIST,10000,PatchMLP,convolution_gaussian_1.0,False,False,0.25,Analytical vs GT,19.294612884521484,19.52581024169922,2.2988193035125732
FashionMNIST,10000,PatchMLP,convolution_gaussian_1.0,False,False,0.25,Neural vs GT,19.198223114013672,19.516971588134766,2.16957426071167
FashionMNIST,10000,PatchMLP,convolution_gaussian_1.0,False,False,0.25,Neural vs Analytical,27.504642486572266,27.70895004272461,2.1081104278564453
FashionMNIST,10000,PatchMLP,convolution_gaussian_1.0,False,False,0.3,Analytical vs GT,18.47069549560547,18.48334503173828,1.685363531112671
FashionMNIST,10000,PatchMLP,convolution_gaussian_1.0,False,False,0.3,Neural vs GT,18.381200790405273,18.493267059326172,1.6134907007217407
FashionMNIST,10000,PatchMLP,convolution_gaussian_1.0,False,False,0.3,Neural vs Analytical,28.815021514892578,28.705429077148438,2.09869384765625
FashionMNIST,10000,PatchMLP,convolution_gaussian_1.0,False,False,0.35,Analytical vs GT,18.360206604003906,18.107040405273438,1.773856282234192
FashionMNIST,10000,PatchMLP,convolution_gaussian_1.0,False,False,0.35,Neural vs GT,18.192106246948242,18.02996063232422,1.6918739080429077
FashionMNIST,10000,PatchMLP,convolution_gaussian_1.0,False,False,0.35,Neural vs Analytical,29.93736457824707,29.795299530029297,2.0771703720092773
FashionMNIST,10000,PatchMLP,convolution_gaussian_1.0,False,False,0.4,Analytical vs GT,17.506511688232422,17.642915725708008,1.8086175918579102
FashionMNIST,10000,PatchMLP,convolution_gaussian_1.0,False,False,0.4,Neural vs GT,17.543006896972656,17.56140899658203,1.7458140850067139
FashionMNIST,10000,PatchMLP,convolution_gaussian_1.0,False,False,0.4,Neural vs Analytical,29.970582962036133,29.992263793945312,1.8811326026916504
FashionMNIST,10000,PatchMLP,convolution_gaussian_1.0,False,False,0.45,Analytical vs GT,17.403526306152344,17.3403263092041,1.6199705600738525
FashionMNIST,10000,PatchMLP,convolution_gaussian_1.0,False,False,0.45,Neural vs GT,17.315540313720703,17.24822425842285,1.554442286491394
FashionMNIST,10000,PatchMLP,convolution_gaussian_1.0,False,False,0.45,Neural vs Analytical,30.86273956298828,30.634475708007812,1.7574654817581177
FashionMNIST,10000,PatchMLP,convolution_gaussian_1.0,False,False,0.5,Analytical vs GT,16.86740493774414,16.64264678955078,1.5765899419784546
FashionMNIST,10000,PatchMLP,convolution_gaussian_1.0,False,False,0.5,Neural vs GT,16.788654327392578,16.611291885375977,1.564424991607666
FashionMNIST,10000,PatchMLP,convolution_gaussian_1.0,False,False,0.5,Neural vs Analytical,30.30406951904297,29.981294631958008,1.837064266204834
FashionMNIST,10000,PatchMLP,convolution_gaussian_1.0,False,False,0.6,Analytical vs GT,15.813407897949219,15.815635681152344,1.3696030378341675
FashionMNIST,10000,PatchMLP,convolution_gaussian_1.0,False,False,0.6,Neural vs GT,15.82334041595459,15.776681900024414,1.339830994606018
FashionMNIST,10000,PatchMLP,convolution_gaussian_1.0,False,False,0.6,Neural vs Analytical,30.339900970458984,29.99044418334961,2.2992379665374756
FashionMNIST,10000,PatchMLP,convolution_gaussian_1.0,False,False,0.7,Analytical vs GT,15.3001127243042,15.332983016967773,1.2028874158859253
FashionMNIST,10000,PatchMLP,convolution_gaussian_1.0,False,False,0.7,Neural vs GT,15.240927696228027,15.26791000366211,1.1700990200042725
FashionMNIST,10000,PatchMLP,convolution_gaussian_1.0,False,False,0.7,Neural vs Analytical,30.208927154541016,30.156776428222656,2.0871336460113525
FashionMNIST,10000,PatchMLP,convolution_gaussian_1.0,False,False,0.8,Analytical vs GT,15.041460037231445,15.001084327697754,1.33045494556427
FashionMNIST,10000,PatchMLP,convolution_gaussian_1.0,False,False,0.8,Neural vs GT,14.899980545043945,14.982527732849121,1.3099087476730347
FashionMNIST,10000,PatchMLP,convolution_gaussian_1.0,False,False,0.8,Neural vs Analytical,30.747455596923828,30.117868423461914,2.8066108226776123
FashionMNIST,10000,PatchMLP,convolution_gaussian_1.0,False,False,0.9,Analytical vs GT,14.592832565307617,14.621743202209473,1.214854121208191
FashionMNIST,10000,PatchMLP,convolution_gaussian_1.0,False,False,0.9,Neural vs GT,14.602479934692383,14.590747833251953,1.2014671564102173
FashionMNIST,10000,PatchMLP,convolution_gaussian_1.0,False,False,0.9,Neural vs Analytical,29.780784606933594,29.798879623413086,1.8748500347137451
FashionMNIST,10000,PatchMLP,convolution_gaussian_1.0,False,False,1.0,Analytical vs GT,14.042269706726074,13.977692604064941,1.3786072731018066
FashionMNIST,10000,PatchMLP,convolution_gaussian_1.0,False,False,1.0,Neural vs GT,14.027104377746582,13.995682716369629,1.3732050657272339
FashionMNIST,10000,PatchMLP,convolution_gaussian_1.0,False,False,1.0,Neural vs Analytical,29.757843017578125,29.652992248535156,2.623732805252075
FashionMNIST,10000,PatchMLP,denoising,False,False,0.01,Analytical vs GT,22.061159133911133,21.909679412841797,2.653813600540161
FashionMNIST,10000,PatchMLP,denoising,False,False,0.01,Neural vs GT,36.62555694580078,36.50835037231445,1.3965498208999634
FashionMNIST,10000,PatchMLP,denoising,False,False,0.01,Neural vs Analytical,21.863384246826172,21.810609817504883,2.6589231491088867
FashionMNIST,10000,PatchMLP,denoising,False,False,0.02,Analytical vs GT,22.100830078125,21.91989517211914,2.65712308883667
FashionMNIST,10000,PatchMLP,denoising,False,False,0.02,Neural vs GT,36.07754135131836,35.60673522949219,1.3676931858062744
FashionMNIST,10000,PatchMLP,denoising,False,False,0.02,Neural vs Analytical,22.115467071533203,21.902463912963867,2.7029995918273926
FashionMNIST,10000,PatchMLP,denoising,False,False,0.03,Analytical vs GT,21.969310760498047,21.881736755371094,2.6476478576660156
FashionMNIST,10000,PatchMLP,denoising,False,False,0.03,Neural vs GT,34.48625183105469,34.194217681884766,1.4631859064102173
FashionMNIST,10000,PatchMLP,denoising,False,False,0.03,Neural vs Analytical,21.974536895751953,21.944358825683594,2.654059648513794
FashionMNIST,10000,PatchMLP,denoising,False,False,0.04,Analytical vs GT,22.026519775390625,21.917068481445312,2.661281108856201
FashionMNIST,10000,PatchMLP,denoising,False,False,0.04,Neural vs GT,33.16230773925781,32.824031829833984,1.6166499853134155
FashionMNIST,10000,PatchMLP,denoising,False,False,0.04,Neural vs Analytical,22.143539428710938,22.08156967163086,2.7027275562286377
FashionMNIST,10000,PatchMLP,denoising,False,False,0.05,Analytical vs GT,21.857803344726562,21.85476303100586,2.661515951156616
FashionMNIST,10000,PatchMLP,denoising,False,False,0.05,Neural vs GT,31.94091033935547,31.873489379882812,1.6846990585327148
FashionMNIST,10000,PatchMLP,denoising,False,False,0.05,Neural vs Analytical,21.94341278076172,22.037002563476562,2.687732458114624
FashionMNIST,10000,PatchMLP,denoising,False,False,0.06,Analytical vs GT,21.853302001953125,21.892488479614258,2.6494288444519043
FashionMNIST,10000,PatchMLP,denoising,False,False,0.06,Neural vs GT,30.95549201965332,30.831832885742188,1.752787470817566
FashionMNIST,10000,PatchMLP,denoising,False,False,0.06,Neural vs Analytical,22.178558349609375,22.170583724975586,2.771824598312378
FashionMNIST,10000,PatchMLP,denoising,False,False,0.07,Analytical vs GT,22.22321891784668,21.912614822387695,2.599990129470825
FashionMNIST,10000,PatchMLP,denoising,False,False,0.07,Neural vs GT,30.152462005615234,29.9498233795166,1.8309173583984375
FashionMNIST,10000,PatchMLP,denoising,False,False,0.07,Neural vs Analytical,22.444652557373047,22.384794235229492,2.6596779823303223
FashionMNIST,10000,PatchMLP,denoising,False,False,0.08,Analytical vs GT,21.899261474609375,21.916419982910156,2.6510941982269287
FashionMNIST,10000,PatchMLP,denoising,False,False,0.08,Neural vs GT,29.449491500854492,29.236841201782227,1.9074175357818604
FashionMNIST,10000,PatchMLP,denoising,False,False,0.08,Neural vs Analytical,22.69515609741211,22.481748580932617,2.7630112171173096
FashionMNIST,10000,PatchMLP,denoising,False,False,0.09,Analytical vs GT,21.87667465209961,21.846153259277344,2.646507501602173
FashionMNIST,10000,PatchMLP,denoising,False,False,0.09,Neural vs GT,28.63068389892578,28.662914276123047,1.7925306558609009
FashionMNIST,10000,PatchMLP,denoising,False,False,0.09,Neural vs Analytical,22.44390106201172,22.42934799194336,2.8005313873291016
FashionMNIST,10000,PatchMLP,denoising,False,False,0.1,Analytical vs GT,22.045604705810547,21.797889709472656,2.5019099712371826
FashionMNIST,10000,PatchMLP,denoising,False,False,0.1,Neural vs GT,28.1796875,28.163375854492188,1.906027913093567
FashionMNIST,10000,PatchMLP,denoising,False,False,0.1,Neural vs Analytical,22.59241485595703,22.540382385253906,2.670619487762451
FashionMNIST,10000,PatchMLP,denoising,False,False,0.15,Analytical vs GT,21.604190826416016,21.751392364501953,2.583868980407715
FashionMNIST,10000,PatchMLP,denoising,False,False,0.15,Neural vs GT,26.131357192993164,25.96353530883789,1.853312373161316
FashionMNIST,10000,PatchMLP,denoising,False,False,0.15,Neural vs Analytical,23.36532974243164,23.158935546875,2.8376963138580322
FashionMNIST,10000,PatchMLP,denoising,False,False,0.2,Analytical vs GT,21.796932220458984,21.620317459106445,2.5740911960601807
FashionMNIST,10000,PatchMLP,denoising,False,False,0.2,Neural vs GT,23.984203338623047,24.257923126220703,1.9623106718063354
FashionMNIST,10000,PatchMLP,denoising,False,False,0.2,Neural vs Analytical,24.133323669433594,23.661832809448242,2.736685037612915
FashionMNIST,10000,PatchMLP,denoising,False,False,0.25,Analytical vs GT,20.99413299560547,21.341995239257812,2.4723925590515137
FashionMNIST,10000,PatchMLP,denoising,False,False,0.25,Neural vs GT,22.85980987548828,23.17315101623535,2.13411808013916
FashionMNIST,10000,PatchMLP,denoising,False,False,0.25,Neural vs Analytical,24.79073715209961,24.26940155029297,2.446509838104248
FashionMNIST,10000,PatchMLP,denoising,False,False,0.3,Analytical vs GT,20.793540954589844,21.010276794433594,2.2704432010650635
FashionMNIST,10000,PatchMLP,denoising,False,False,0.3,Neural vs GT,21.860389709472656,22.006772994995117,1.9407178163528442
FashionMNIST,10000,PatchMLP,denoising,False,False,0.3,Neural vs Analytical,25.13083839416504,24.746244430541992,2.640120506286621
FashionMNIST,10000,PatchMLP,denoising,False,False,0.35,Analytical vs GT,20.466283798217773,20.568044662475586,2.1849474906921387
FashionMNIST,10000,PatchMLP,denoising,False,False,0.35,Neural vs GT,20.951461791992188,21.11568832397461,1.9350072145462036
FashionMNIST,10000,PatchMLP,denoising,False,False,0.35,Neural vs Analytical,25.5987606048584,25.583091735839844,2.3470239639282227
FashionMNIST,10000,PatchMLP,denoising,False,False,0.4,Analytical vs GT,20.03301239013672,20.07725715637207,2.2755913734436035
FashionMNIST,10000,PatchMLP,denoising,False,False,0.4,Neural vs GT,20.52532196044922,20.398893356323242,2.020319938659668
FashionMNIST,10000,PatchMLP,denoising,False,False,0.4,Neural vs Analytical,25.55032730102539,25.84357261657715,2.199671745300293
FashionMNIST,10000,PatchMLP,denoising,False,False,0.45,Analytical vs GT,19.725078582763672,19.769550323486328,2.0934579372406006
FashionMNIST,10000,PatchMLP,denoising,False,False,0.45,Neural vs GT,19.816661834716797,19.87131118774414,1.8883994817733765
FashionMNIST,10000,PatchMLP,denoising,False,False,0.45,Neural vs Analytical,26.492467880249023,26.60015106201172,2.283717393875122
FashionMNIST,10000,PatchMLP,denoising,False,False,0.5,Analytical vs GT,18.814350128173828,18.835430145263672,2.042372703552246
FashionMNIST,10000,PatchMLP,denoising,False,False,0.5,Neural vs GT,18.976940155029297,18.889259338378906,1.8851432800292969
FashionMNIST,10000,PatchMLP,denoising,False,False,0.5,Neural vs Analytical,27.512393951416016,27.23540687561035,2.1093862056732178
FashionMNIST,10000,PatchMLP,denoising,False,False,0.6,Analytical vs GT,17.853778839111328,17.840068817138672,1.8821958303451538
FashionMNIST,10000,PatchMLP,denoising,False,False,0.6,Neural vs GT,17.716093063354492,17.725765228271484,1.700751781463623
FashionMNIST,10000,PatchMLP,denoising,False,False,0.6,Neural vs Analytical,27.82329559326172,27.844335556030273,2.3615262508392334
FashionMNIST,10000,PatchMLP,denoising,False,False,0.7,Analytical vs GT,16.908756256103516,16.820709228515625,1.586702823638916
FashionMNIST,10000,PatchMLP,denoising,False,False,0.7,Neural vs GT,16.821197509765625,16.655363082885742,1.4681483507156372
FashionMNIST,10000,PatchMLP,denoising,False,False,0.7,Neural vs Analytical,29.080936431884766,28.773399353027344,1.8499749898910522
FashionMNIST,10000,PatchMLP,denoising,False,False,0.8,Analytical vs GT,16.121862411499023,16.317520141601562,1.646989107131958
FashionMNIST,10000,PatchMLP,denoising,False,False,0.8,Neural vs GT,16.072338104248047,16.174802780151367,1.551223874092102
FashionMNIST,10000,PatchMLP,denoising,False,False,0.8,Neural vs Analytical,29.497215270996094,29.628684997558594,1.67661452293396
FashionMNIST,10000,PatchMLP,denoising,False,False,0.9,Analytical vs GT,15.676188468933105,15.623952865600586,1.4577996730804443
FashionMNIST,10000,PatchMLP,denoising,False,False,0.9,Neural vs GT,15.429975509643555,15.473721504211426,1.3579977750778198
FashionMNIST,10000,PatchMLP,denoising,False,False,0.9,Neural vs Analytical,29.650348663330078,29.600147247314453,1.7178226709365845
FashionMNIST,10000,PatchMLP,denoising,False,False,1.0,Analytical vs GT,14.840944290161133,14.830362319946289,1.5050052404403687
FashionMNIST,10000,PatchMLP,denoising,False,False,1.0,Neural vs GT,14.905261993408203,14.737980842590332,1.4183967113494873
FashionMNIST,10000,PatchMLP,denoising,False,False,1.0,Neural vs Analytical,29.50823402404785,29.572742462158203,1.70075261592865
FashionMNIST,10000,PatchMLP,inpainting_center_15,True,False,0.01,Analytical vs GT,17.441429138183594,17.152786254882812,1.8813049793243408
FashionMNIST,10000,PatchMLP,inpainting_center_15,True,False,0.01,Neural vs GT,19.595640182495117,19.675687789916992,2.467324733734131
FashionMNIST,10000,PatchMLP,inpainting_center_15,True,False,0.01,Neural vs Analytical,19.63379669189453,19.78323745727539,2.104283094406128
FashionMNIST,10000,PatchMLP,inpainting_center_15,True,False,0.02,Analytical vs GT,17.44918441772461,17.31529998779297,1.783833622932434
FashionMNIST,10000,PatchMLP,inpainting_center_15,True,False,0.02,Neural vs GT,19.909626007080078,19.899946212768555,2.4857890605926514
FashionMNIST,10000,PatchMLP,inpainting_center_15,True,False,0.02,Neural vs Analytical,20.24384880065918,20.26702880859375,2.1327011585235596
FashionMNIST,10000,PatchMLP,inpainting_center_15,True,False,0.03,Analytical vs GT,17.526609420776367,17.37077522277832,1.8128457069396973
FashionMNIST,10000,PatchMLP,inpainting_center_15,True,False,0.03,Neural vs GT,20.050031661987305,19.939647674560547,2.4589779376983643
FashionMNIST,10000,PatchMLP,inpainting_center_15,True,False,0.03,Neural vs Analytical,20.56798553466797,20.46776580810547,2.168469190597534
FashionMNIST,10000,PatchMLP,inpainting_center_15,True,False,0.04,Analytical vs GT,17.60832405090332,17.39574432373047,1.7903313636779785
FashionMNIST,10000,PatchMLP,inpainting_center_15,True,False,0.04,Neural vs GT,20.070505142211914,19.92756462097168,2.413926124572754
FashionMNIST,10000,PatchMLP,inpainting_center_15,True,False,0.04,Neural vs Analytical,20.747970581054688,20.716440200805664,2.342890977859497
FashionMNIST,10000,PatchMLP,inpainting_center_15,True,False,0.05,Analytical vs GT,17.597698211669922,17.433650970458984,1.8425207138061523
FashionMNIST,10000,PatchMLP,inpainting_center_15,True,False,0.05,Neural vs GT,20.035297393798828,19.879512786865234,2.44626784324646
FashionMNIST,10000,PatchMLP,inpainting_center_15,True,False,0.05,Neural vs Analytical,20.833160400390625,20.953367233276367,2.3824102878570557
FashionMNIST,10000,PatchMLP,inpainting_center_15,True,False,0.06,Analytical vs GT,17.717655181884766,17.50180435180664,1.8089545965194702
FashionMNIST,10000,PatchMLP,inpainting_center_15,True,False,0.06,Neural vs GT,19.849607467651367,19.722745895385742,2.358250141143799
FashionMNIST,10000,PatchMLP,inpainting_center_15,True,False,0.06,Neural vs Analytical,21.11531639099121,21.14350128173828,2.4555163383483887
FashionMNIST,10000,PatchMLP,inpainting_center_15,True,False,0.07,Analytical vs GT,17.632112503051758,17.473560333251953,1.7738934755325317
FashionMNIST,10000,PatchMLP,inpainting_center_15,True,False,0.07,Neural vs GT,19.84069061279297,19.64299201965332,2.274332046508789
FashionMNIST,10000,PatchMLP,inpainting_center_15,True,False,0.07,Neural vs Analytical,20.94615936279297,21.363245010375977,2.5067267417907715
FashionMNIST,10000,PatchMLP,inpainting_center_15,True,False,0.08,Analytical vs GT,17.62459945678711,17.46487045288086,1.8685017824172974
FashionMNIST,10000,PatchMLP,inpainting_center_15,True,False,0.08,Neural vs GT,19.75674057006836,19.565919876098633,2.278748035430908
FashionMNIST,10000,PatchMLP,inpainting_center_15,True,False,0.08,Neural vs Analytical,21.290306091308594,21.495651245117188,2.454028367996216
FashionMNIST,10000,PatchMLP,inpainting_center_15,True,False,0.09,Analytical vs GT,17.82345199584961,17.494827270507812,1.7631250619888306
FashionMNIST,10000,PatchMLP,inpainting_center_15,True,False,0.09,Neural vs GT,19.550289154052734,19.469621658325195,2.2482752799987793
FashionMNIST,10000,PatchMLP,inpainting_center_15,True,False,0.09,Neural vs Analytical,21.439077377319336,21.798316955566406,2.5531322956085205
FashionMNIST,10000,PatchMLP,inpainting_center_15,True,False,0.1,Analytical vs GT,17.608043670654297,17.530393600463867,1.802571415901184
FashionMNIST,10000,PatchMLP,inpainting_center_15,True,False,0.1,Neural vs GT,19.5105037689209,19.389938354492188,2.2243471145629883
FashionMNIST,10000,PatchMLP,inpainting_center_15,True,False,0.1,Neural vs Analytical,21.69158935546875,21.929582595825195,2.5438458919525146
FashionMNIST,10000,PatchMLP,inpainting_center_15,True,False,0.15,Analytical vs GT,17.93844985961914,17.595474243164062,1.9184476137161255
FashionMNIST,10000,PatchMLP,inpainting_center_15,True,False,0.15,Neural vs GT,19.01342010498047,18.92534828186035,2.0332868099212646
FashionMNIST,10000,PatchMLP,inpainting_center_15,True,False,0.15,Neural vs Analytical,22.745803833007812,22.82939910888672,2.699399948120117
FashionMNIST,10000,PatchMLP,inpainting_center_15,True,False,0.2,Analytical vs GT,17.772445678710938,17.54605484008789,1.8369992971420288
FashionMNIST,10000,PatchMLP,inpainting_center_15,True,False,0.2,Neural vs GT,18.435775756835938,18.470970153808594,1.944165587425232
FashionMNIST,10000,PatchMLP,inpainting_center_15,True,False,0.2,Neural vs Analytical,23.185394287109375,23.279808044433594,2.6938834190368652
FashionMNIST,10000,PatchMLP,inpainting_center_15,True,False,0.25,Analytical vs GT,17.797060012817383,17.519895553588867,1.7486978769302368
FashionMNIST,10000,PatchMLP,inpainting_center_15,True,False,0.25,Neural vs GT,18.470401763916016,18.295129776000977,1.8332784175872803
FashionMNIST,10000,PatchMLP,inpainting_center_15,True,False,0.25,Neural vs Analytical,24.233688354492188,24.146833419799805,2.375938653945923
FashionMNIST,10000,PatchMLP,inpainting_center_15,True,False,0.3,Analytical vs GT,17.291797637939453,17.253995895385742,1.7127684354782104
FashionMNIST,10000,PatchMLP,inpainting_center_15,True,False,0.3,Neural vs GT,17.7900390625,17.737092971801758,1.7705042362213135
FashionMNIST,10000,PatchMLP,inpainting_center_15,True,False,0.3,Neural vs Analytical,24.646692276000977,24.626201629638672,2.489703416824341
FashionMNIST,10000,PatchMLP,inpainting_center_15,True,False,0.35,Analytical vs GT,17.107162475585938,17.013330459594727,1.6800940036773682
FashionMNIST,10000,PatchMLP,inpainting_center_15,True,False,0.35,Neural vs GT,17.263587951660156,17.338363647460938,1.7160556316375732
FashionMNIST,10000,PatchMLP,inpainting_center_15,True,False,0.35,Neural vs Analytical,25.62417221069336,25.60226058959961,2.402376890182495
FashionMNIST,10000,PatchMLP,inpainting_center_15,True,False,0.4,Analytical vs GT,16.820850372314453,16.861658096313477,1.49925696849823
FashionMNIST,10000,PatchMLP,inpainting_center_15,True,False,0.4,Neural vs GT,16.9412841796875,17.08147430419922,1.5695379972457886
FashionMNIST,10000,PatchMLP,inpainting_center_15,True,False,0.4,Neural vs Analytical,25.49774169921875,25.52264404296875,2.247243642807007
FashionMNIST,10000,PatchMLP,inpainting_center_15,True,False,0.45,Analytical vs GT,16.836755752563477,16.538671493530273,1.6730791330337524
FashionMNIST,10000,PatchMLP,inpainting_center_15,True,False,0.45,Neural vs GT,16.8436336517334,16.687131881713867,1.6577417850494385
FashionMNIST,10000,PatchMLP,inpainting_center_15,True,False,0.45,Neural vs Analytical,25.702903747558594,25.74596405029297,2.330660581588745
FashionMNIST,10000,PatchMLP,inpainting_center_15,True,False,0.5,Analytical vs GT,16.463153839111328,16.232622146606445,1.5262844562530518
FashionMNIST,10000,PatchMLP,inpainting_center_15,True,False,0.5,Neural vs GT,16.574687957763672,16.3193302154541,1.4628469944000244
FashionMNIST,10000,PatchMLP,inpainting_center_15,True,False,0.5,Neural vs Analytical,26.152193069458008,26.292299270629883,2.647164821624756
FashionMNIST,10000,PatchMLP,inpainting_center_15,True,False,0.6,Analytical vs GT,16.01006507873535,15.887282371520996,1.2558022737503052
FashionMNIST,10000,PatchMLP,inpainting_center_15,True,False,0.6,Neural vs GT,15.88427734375,15.841436386108398,1.288609504699707
FashionMNIST,10000,PatchMLP,inpainting_center_15,True,False,0.6,Neural vs Analytical,26.617595672607422,26.57122039794922,2.0931529998779297
FashionMNIST,10000,PatchMLP,inpainting_center_15,True,False,0.7,Analytical vs GT,15.445573806762695,15.175540924072266,1.1673306226730347
FashionMNIST,10000,PatchMLP,inpainting_center_15,True,False,0.7,Neural vs GT,15.408143997192383,15.145273208618164,1.2156997919082642
FashionMNIST,10000,PatchMLP,inpainting_center_15,True,False,0.7,Neural vs Analytical,26.87066650390625,26.715639114379883,2.199049711227417
FashionMNIST,10000,PatchMLP,inpainting_center_15,True,False,0.8,Analytical vs GT,14.821666717529297,14.945262908935547,1.517430067062378
FashionMNIST,10000,PatchMLP,inpainting_center_15,True,False,0.8,Neural vs GT,14.923945426940918,14.953826904296875,1.5417568683624268
FashionMNIST,10000,PatchMLP,inpainting_center_15,True,False,0.8,Neural vs Analytical,27.094486236572266,26.780534744262695,2.1198911666870117
FashionMNIST,10000,PatchMLP,inpainting_center_15,True,False,0.9,Analytical vs GT,14.513463020324707,14.685853004455566,1.3619548082351685
FashionMNIST,10000,PatchMLP,inpainting_center_15,True,False,0.9,Neural vs GT,14.390096664428711,14.665657043457031,1.364432692527771
FashionMNIST,10000,PatchMLP,inpainting_center_15,True,False,0.9,Neural vs Analytical,27.05592155456543,26.9770565032959,1.9356176853179932
FashionMNIST,10000,PatchMLP,inpainting_center_15,True,False,1.0,Analytical vs GT,14.35108470916748,14.233504295349121,1.2066450119018555
FashionMNIST,10000,PatchMLP,inpainting_center_15,True,False,1.0,Neural vs GT,14.20019245147705,14.19027328491211,1.259891152381897
FashionMNIST,10000,PatchMLP,inpainting_center_15,True,False,1.0,Neural vs Analytical,26.638893127441406,26.494848251342773,2.0404233932495117
FashionMNIST,10000,PatchMLP,convolution_gaussian_1.0,True,False,0.01,Analytical vs GT,21.62005043029785,21.57318115234375,2.834188938140869
FashionMNIST,10000,PatchMLP,convolution_gaussian_1.0,True,False,0.01,Neural vs GT,20.321022033691406,20.151765823364258,1.2719285488128662
FashionMNIST,10000,PatchMLP,convolution_gaussian_1.0,True,False,0.01,Neural vs Analytical,19.263525009155273,19.050960540771484,1.2217592000961304
FashionMNIST,10000,PatchMLP,convolution_gaussian_1.0,True,False,0.02,Analytical vs GT,21.354019165039062,21.577198028564453,2.876312255859375
FashionMNIST,10000,PatchMLP,convolution_gaussian_1.0,True,False,0.02,Neural vs GT,19.767658233642578,19.629661560058594,1.1569297313690186
FashionMNIST,10000,PatchMLP,convolution_gaussian_1.0,True,False,0.02,Neural vs Analytical,19.203632354736328,19.052396774291992,1.0629087686538696
FashionMNIST,10000,PatchMLP,convolution_gaussian_1.0,True,False,0.03,Analytical vs GT,21.3109188079834,21.562883377075195,2.843968629837036
FashionMNIST,10000,PatchMLP,convolution_gaussian_1.0,True,False,0.03,Neural vs GT,19.064010620117188,18.74709701538086,1.3264340162277222
FashionMNIST,10000,PatchMLP,convolution_gaussian_1.0,True,False,0.03,Neural vs Analytical,18.814498901367188,18.51223373413086,1.0863734483718872
FashionMNIST,10000,PatchMLP,convolution_gaussian_1.0,True,False,0.04,Analytical vs GT,21.754610061645508,21.599197387695312,2.7864484786987305
FashionMNIST,10000,PatchMLP,convolution_gaussian_1.0,True,False,0.04,Neural vs GT,18.317001342773438,18.162500381469727,1.4207762479782104
FashionMNIST,10000,PatchMLP,convolution_gaussian_1.0,True,False,0.04,Neural vs Analytical,18.33368492126465,18.130521774291992,1.2350293397903442
FashionMNIST,10000,PatchMLP,convolution_gaussian_1.0,True,False,0.05,Analytical vs GT,21.564422607421875,21.589792251586914,2.752114772796631
FashionMNIST,10000,PatchMLP,convolution_gaussian_1.0,True,False,0.05,Neural vs GT,18.044780731201172,17.881404876708984,1.2800710201263428
FashionMNIST,10000,PatchMLP,convolution_gaussian_1.0,True,False,0.05,Neural vs Analytical,18.251436233520508,17.997360229492188,1.0566052198410034
FashionMNIST,10000,PatchMLP,convolution_gaussian_1.0,True,False,0.06,Analytical vs GT,21.615161895751953,21.706472396850586,2.706838369369507
FashionMNIST,10000,PatchMLP,convolution_gaussian_1.0,True,False,0.06,Neural vs GT,17.509395599365234,17.386856079101562,1.158119559288025
FashionMNIST,10000,PatchMLP,convolution_gaussian_1.0,True,False,0.06,Neural vs Analytical,17.862709045410156,17.780563354492188,1.0175105333328247
FashionMNIST,10000,PatchMLP,convolution_gaussian_1.0,True,False,0.07,Analytical vs GT,21.45277976989746,21.520322799682617,2.6715095043182373
FashionMNIST,10000,PatchMLP,convolution_gaussian_1.0,True,False,0.07,Neural vs GT,17.14322280883789,16.98126983642578,1.2295644283294678
FashionMNIST,10000,PatchMLP,convolution_gaussian_1.0,True,False,0.07,Neural vs Analytical,17.561180114746094,17.336841583251953,1.1583892107009888
FashionMNIST,10000,PatchMLP,convolution_gaussian_1.0,True,False,0.08,Analytical vs GT,21.630538940429688,21.648452758789062,2.8395836353302
FashionMNIST,10000,PatchMLP,convolution_gaussian_1.0,True,False,0.08,Neural vs GT,16.6270809173584,16.462125778198242,1.2849701642990112
FashionMNIST,10000,PatchMLP,convolution_gaussian_1.0,True,False,0.08,Neural vs Analytical,17.094573974609375,16.89507484436035,1.2338287830352783
FashionMNIST,10000,PatchMLP,convolution_gaussian_1.0,True,False,0.09,Analytical vs GT,21.458860397338867,21.452661514282227,2.5785481929779053
FashionMNIST,10000,PatchMLP,convolution_gaussian_1.0,True,False,0.09,Neural vs GT,16.209163665771484,16.06821632385254,1.1817419528961182
FashionMNIST,10000,PatchMLP,convolution_gaussian_1.0,True,False,0.09,Neural vs Analytical,16.522430419921875,16.440004348754883,1.0874565839767456
FashionMNIST,10000,PatchMLP,convolution_gaussian_1.0,True,False,0.1,Analytical vs GT,21.360607147216797,21.320402145385742,2.5607616901397705
FashionMNIST,10000,PatchMLP,convolution_gaussian_1.0,True,False,0.1,Neural vs GT,15.984756469726562,15.7350492477417,1.2817538976669312
FashionMNIST,10000,PatchMLP,convolution_gaussian_1.0,True,False,0.1,Neural vs Analytical,16.408199310302734,16.198375701904297,1.2796322107315063
FashionMNIST,10000,PatchMLP,convolution_gaussian_1.0,True,False,0.15,Analytical vs GT,20.82991600036621,20.747591018676758,2.2231342792510986
FashionMNIST,10000,PatchMLP,convolution_gaussian_1.0,True,False,0.15,Neural vs GT,14.481895446777344,14.262804985046387,1.1693003177642822
FashionMNIST,10000,PatchMLP,convolution_gaussian_1.0,True,False,0.15,Neural vs Analytical,14.553135871887207,14.507938385009766,1.1603245735168457
FashionMNIST,10000,PatchMLP,convolution_gaussian_1.0,True,False,0.2,Analytical vs GT,20.05447769165039,19.768404006958008,1.9435697793960571
FashionMNIST,10000,PatchMLP,convolution_gaussian_1.0,True,False,0.2,Neural vs GT,13.306341171264648,13.30272102355957,1.1750849485397339
FashionMNIST,10000,PatchMLP,convolution_gaussian_1.0,True,False,0.2,Neural vs Analytical,13.308798789978027,13.439030647277832,1.103685975074768
FashionMNIST,10000,PatchMLP,convolution_gaussian_1.0,True,False,0.25,Analytical vs GT,18.766258239746094,19.133392333984375,2.0380709171295166
FashionMNIST,10000,PatchMLP,convolution_gaussian_1.0,True,False,0.25,Neural vs GT,12.29895305633545,12.377388000488281,1.428855299949646
FashionMNIST,10000,PatchMLP,convolution_gaussian_1.0,True,False,0.25,Neural vs Analytical,12.213654518127441,12.175637245178223,1.1078799962997437
FashionMNIST,10000,PatchMLP,convolution_gaussian_1.0,True,False,0.3,Analytical vs GT,18.056640625,18.126493453979492,1.5828936100006104
FashionMNIST,10000,PatchMLP,convolution_gaussian_1.0,True,False,0.3,Neural vs GT,11.811113357543945,11.812285423278809,1.3830448389053345
FashionMNIST,10000,PatchMLP,convolution_gaussian_1.0,True,False,0.3,Neural vs Analytical,11.656625747680664,11.636290550231934,1.080453872680664
FashionMNIST,10000,PatchMLP,convolution_gaussian_1.0,True,False,0.35,Analytical vs GT,17.991497039794922,17.685277938842773,1.6348463296890259
FashionMNIST,10000,PatchMLP,convolution_gaussian_1.0,True,False,0.35,Neural vs GT,11.26449966430664,11.360213279724121,1.392951488494873
FashionMNIST,10000,PatchMLP,convolution_gaussian_1.0,True,False,0.35,Neural vs Analytical,11.241228103637695,11.052284240722656,0.9996569752693176
FashionMNIST,10000,PatchMLP,convolution_gaussian_1.0,True,False,0.4,Analytical vs GT,17.160619735717773,17.131214141845703,1.5974701642990112
FashionMNIST,10000,PatchMLP,convolution_gaussian_1.0,True,False,0.4,Neural vs GT,10.945152282714844,11.019831657409668,1.4718177318572998
FashionMNIST,10000,PatchMLP,convolution_gaussian_1.0,True,False,0.4,Neural vs Analytical,10.795459747314453,10.62744140625,1.3098713159561157
FashionMNIST,10000,PatchMLP,convolution_gaussian_1.0,True,False,0.45,Analytical vs GT,16.688838958740234,16.90362548828125,1.5497756004333496
FashionMNIST,10000,PatchMLP,convolution_gaussian_1.0,True,False,0.45,Neural vs GT,10.65948486328125,10.762248992919922,1.5169893503189087
FashionMNIST,10000,PatchMLP,convolution_gaussian_1.0,True,False,0.45,Neural vs Analytical,10.419955253601074,10.328784942626953,1.3521919250488281
FashionMNIST,10000,PatchMLP,convolution_gaussian_1.0,True,False,0.5,Analytical vs GT,16.292125701904297,16.187252044677734,1.4841784238815308
FashionMNIST,10000,PatchMLP,convolution_gaussian_1.0,True,False,0.5,Neural vs GT,10.470536231994629,10.562225341796875,1.6003196239471436
FashionMNIST,10000,PatchMLP,convolution_gaussian_1.0,True,False,0.5,Neural vs Analytical,10.15439224243164,10.122639656066895,1.1897774934768677
FashionMNIST,10000,PatchMLP,convolution_gaussian_1.0,True,False,0.6,Analytical vs GT,15.474568367004395,15.461108207702637,1.3112049102783203
FashionMNIST,10000,PatchMLP,convolution_gaussian_1.0,True,False,0.6,Neural vs GT,10.13429069519043,10.234886169433594,1.5855597257614136
FashionMNIST,10000,PatchMLP,convolution_gaussian_1.0,True,False,0.6,Neural vs Analytical,9.95345687866211,9.819058418273926,1.4508073329925537
FashionMNIST,10000,PatchMLP,convolution_gaussian_1.0,True,False,0.7,Analytical vs GT,14.947325706481934,14.908012390136719,1.1773611307144165
FashionMNIST,10000,PatchMLP,convolution_gaussian_1.0,True,False,0.7,Neural vs GT,9.85232925415039,10.049739837646484,1.5838185548782349
FashionMNIST,10000,PatchMLP,convolution_gaussian_1.0,True,False,0.7,Neural vs Analytical,9.78422737121582,9.77311897277832,1.1253290176391602
FashionMNIST,10000,PatchMLP,convolution_gaussian_1.0,True,False,0.8,Analytical vs GT,14.464529037475586,14.631828308105469,1.314008355140686
FashionMNIST,10000,PatchMLP,convolution_gaussian_1.0,True,False,0.8,Neural vs GT,9.652922630310059,9.923635482788086,1.64694082736969
FashionMNIST,10000,PatchMLP,convolution_gaussian_1.0,True,False,0.8,Neural vs Analytical,9.662726402282715,9.512527465820312,1.3736826181411743
FashionMNIST,10000,PatchMLP,convolution_gaussian_1.0,True,False,0.9,Analytical vs GT,14.25410270690918,14.246143341064453,1.2077240943908691
FashionMNIST,10000,PatchMLP,convolution_gaussian_1.0,True,False,0.9,Neural vs GT,9.64120101928711,9.83381462097168,1.6548844575881958
FashionMNIST,10000,PatchMLP,convolution_gaussian_1.0,True,False,0.9,Neural vs Analytical,9.791243553161621,9.585845947265625,1.253481149673462
FashionMNIST,10000,PatchMLP,convolution_gaussian_1.0,True,False,1.0,Analytical vs GT,13.721221923828125,13.636021614074707,1.3568859100341797
FashionMNIST,10000,PatchMLP,convolution_gaussian_1.0,True,False,1.0,Neural vs GT,9.463342666625977,9.75662612915039,1.6622446775436401
FashionMNIST,10000,PatchMLP,convolution_gaussian_1.0,True,False,1.0,Neural vs Analytical,9.854055404663086,9.62606143951416,1.3532259464263916
